<?xml version = '1.0' encoding = 'UTF-8'?>
<Diagram class="oracle.dbtools.crest.swingui.relational.DPVRelational" name="Relational_1" id="DDDE3DB7-FA4D-0A23-D6D8-0E54FF5E1026">
<createdBy>rblavec</createdBy>
<modifiedBy>rblavec</modifiedBy>
<createdTime>2017-04-20 07:35:58 UTC</createdTime>
<autoRoute>false</autoRoute>
<boxInbox>true</boxInbox>
<showLegend>true</showLegend>
<showLabels>false</showLabels>
<showRelAttributes>false</showRelAttributes>
<gridEnabled>false</gridEnabled>
<showGrid>false</showGrid>
<diagramColor>-1</diagramColor>
<legendPosX>17</legendPosX>
<legendPosY>673</legendPosY>
<display>false</display>
<notation>1</notation>
<objectViews>
<OView class="oracle.dbtools.crest.swingui.relational.TVTable" oid="04844C6D-E2DE-CF40-CE0A-B1A89CF5D0EE" otype="Table" vid="BF36D310-B615-BA06-6EB6-3C6B330D9993">
<hideElementsInCurrentOnly>false</hideElementsInCurrentOnly>
<bounds x="909" y="136" width="245" height="102"/>
</OView>
<OView class="oracle.dbtools.crest.swingui.relational.TVTable" oid="04E361B1-F4D7-96D7-B8C2-FCB0FD758AA7" otype="Table" vid="E7DD6D8B-8B66-8438-27C2-EEFBD21DAD72">
<hideElementsInCurrentOnly>false</hideElementsInCurrentOnly>
<bounds x="594" y="600" width="226" height="136"/>
</OView>
<OView class="oracle.dbtools.crest.swingui.relational.TVTable" oid="0D986149-7150-5A18-7382-F027959C45BA" otype="Table" vid="C4C6B857-7431-A1D8-D310-426BD765B4E7">
<hideElementsInCurrentOnly>false</hideElementsInCurrentOnly>
<bounds x="41" y="304" width="219" height="150"/>
</OView>
<OView class="oracle.dbtools.crest.swingui.relational.TVTable" oid="0DF4900D-D546-9756-B927-69E7127DE05D" otype="Table" vid="DFEB1531-C422-2913-2AED-D1223576E2D1">
<hideElementsInCurrentOnly>false</hideElementsInCurrentOnly>
<bounds x="585" y="308" width="245" height="136"/>
</OView>
<OView class="oracle.dbtools.crest.swingui.relational.TVTable" oid="1F206BEF-61F0-73C9-2AA7-C47D201F4A46" otype="Table" vid="D8B38461-9A64-3DE4-2E5A-6E2539A9FEFF">
<hideElementsInCurrentOnly>false</hideElementsInCurrentOnly>
<bounds x="1272" y="140" width="235" height="80"/>
</OView>
<OView class="oracle.dbtools.crest.swingui.relational.TVTable" oid="20C2CDC2-322A-6995-B50E-F3487C39DA8A" otype="Table" vid="C91A01FB-C7B6-3F69-05EA-4D76F7685993">
<hideElementsInCurrentOnly>false</hideElementsInCurrentOnly>
<bounds x="9" y="501" width="337" height="122"/>
</OView>
<OView class="oracle.dbtools.crest.swingui.relational.TVTable" oid="374B9669-41E3-202E-1693-DDDE2DF8B468" otype="Table" vid="72050808-4277-2546-624C-C09D70A00CBA">
<hideElementsInCurrentOnly>false</hideElementsInCurrentOnly>
<bounds x="925" y="569" width="220" height="178"/>
</OView>
<OView class="oracle.dbtools.crest.swingui.TVNote" oid="540549A9-968D-6CE2-B78D-0C3D14A19B8D" otype="Note" vid="E5BF8204-A22D-7314-3854-3B92880E4454">
<hideElementsInCurrentOnly>false</hideElementsInCurrentOnly>
<bounds x="18" y="815" width="310" height="71"/>
<useCustomFormat>true</useCustomFormat>
<useDefaultColor>false</useDefaultColor>
<backgroundColor>-3342388</backgroundColor>
<foregroundColor>-16777216</foregroundColor>
<comment>Ne pas oublier : &lt;br/&gt;     - Afficher la légende&lt;br/&gt;&lt;br/&gt;Pour cela, cocher dans le menu Clic-Droit - Afficher - Légende</comment>
<fonts itemClass="oracle.dbtools.crest.model.design.FontObjectWr">
<FontObject>
<foType>Titre</foType>
<colorRGB>-16777216</colorRGB>
</FontObject>
</fonts>
</OView>
<OView class="oracle.dbtools.crest.swingui.relational.TVTable" oid="593E81D5-2553-EA0E-006D-C438C1B4BD59" otype="Table" vid="472878D2-29B0-F6A6-E500-7FDF6F973BF8">
<hideElementsInCurrentOnly>false</hideElementsInCurrentOnly>
<bounds x="908" y="6" width="251" height="94"/>
</OView>
<OView class="oracle.dbtools.crest.swingui.relational.TVTable" oid="5BAB5D70-1FE3-C724-5A36-AA623B15FAE5" otype="Table" vid="862A2CE3-E523-8282-2CC7-14A624199140">
<hideElementsInCurrentOnly>false</hideElementsInCurrentOnly>
<bounds x="1218" y="772" width="298" height="108"/>
</OView>
<OView class="oracle.dbtools.crest.swingui.relational.TVTable" oid="705FC3AE-E9D8-1EAA-6E24-3954C01F355C" otype="Table" vid="FE01E7AB-B7AE-3E54-1FB8-5E59E2E3D3FE">
<hideElementsInCurrentOnly>false</hideElementsInCurrentOnly>
<bounds x="1232" y="578" width="194" height="74"/>
</OView>
<OView class="oracle.dbtools.crest.swingui.relational.TVTable" oid="82C15A6F-9261-E0B8-9E32-B13676E5C1D7" otype="Table" vid="BE1ED665-17F8-8A7D-3BF4-C23699BD9595">
<hideElementsInCurrentOnly>false</hideElementsInCurrentOnly>
<bounds x="894" y="271" width="377" height="262"/>
</OView>
<OView class="oracle.dbtools.crest.swingui.relational.TVTable" oid="9D38CFFA-03CE-01AF-AB15-1E4BBED98D9E" otype="Table" vid="38309B04-EF1A-C5F0-E276-BED8B593D053">
<hideElementsInCurrentOnly>false</hideElementsInCurrentOnly>
<bounds x="319" y="631" width="188" height="74"/>
</OView>
<OView class="oracle.dbtools.crest.swingui.relational.TVTable" oid="A2089B24-B209-C83C-0A5E-79E8B7944721" otype="Table" vid="A15DA1AE-0204-A0F2-4FD3-5B7D283E3763">
<hideElementsInCurrentOnly>false</hideElementsInCurrentOnly>
<bounds x="317" y="332" width="213" height="108"/>
</OView>
<OView class="oracle.dbtools.crest.swingui.relational.TVTable" oid="B435AD21-1942-E4E9-788E-539D3496715B" otype="Table" vid="0709E688-F1B9-872C-153E-1AD161EDCB47">
<hideElementsInCurrentOnly>false</hideElementsInCurrentOnly>
<bounds x="610" y="804" width="194" height="74"/>
</OView>
<OView class="oracle.dbtools.crest.swingui.TVLegend" oid="C3F7487E-691B-3495-6B6B-932224CF1027" otype="Legend" vid="7DE20B3E-857C-A838-9E40-4F9D5B894824">
<hideElementsInCurrentOnly>false</hideElementsInCurrentOnly>
<bounds x="17" y="673" width="257" height="135"/>
</OView>
<OView class="oracle.dbtools.crest.swingui.relational.TVTable" oid="DDA00600-18AA-1BA8-DC21-900888FEF7DD" otype="Table" vid="379C8867-4985-27C7-3894-A8985FA6B20D">
<hideElementsInCurrentOnly>false</hideElementsInCurrentOnly>
<bounds x="935" y="805" width="188" height="74"/>
</OView>
<OView class="oracle.dbtools.crest.swingui.TVNote" oid="EFFF8E5E-263A-0A74-9BED-DE0A36AFFBEF" otype="Note" vid="4D174C83-C212-8D03-0854-AF680958101C">
<hideElementsInCurrentOnly>false</hideElementsInCurrentOnly>
<bounds x="23" y="45" width="234" height="46"/>
<useCustomFormat>true</useCustomFormat>
<useDefaultColor>false</useDefaultColor>
<backgroundColor>-13108</backgroundColor>
<foregroundColor>-16777216</foregroundColor>
<comment>MPD - SI JobOverview</comment>
<fonts itemClass="oracle.dbtools.crest.model.design.FontObjectWr">
<FontObject>
<foType>Titre</foType>
<fontSize>20</fontSize>
<fontStyle>1</fontStyle>
<colorRGB>-16777216</colorRGB>
</FontObject>
</fonts>
</OView>
</objectViews>
<connectors>
<Connector class="oracle.dbtools.crest.swingui.relational.TVFKRelation" oid="1A0B9BB1-E471-69A0-58EE-2893FFED4E5B" otype="FKIndexAssociation" vid_source="FE01E7AB-B7AE-3E54-1FB8-5E59E2E3D3FE" vid_target="BE1ED665-17F8-8A7D-3BF4-C23699BD9595">
<hideElementsInCurrentOnly>false</hideElementsInCurrentOnly>
<lineWidth>1</lineWidth>
<points>
<point x="1333" y="578"/>
<point x="1333" y="399"/>
<point x="1271" y="399"/>
</points>
</Connector>
<Connector class="oracle.dbtools.crest.swingui.relational.TVFKRelation" oid="1F9CFA33-FAFF-F1C7-6685-7F10DCFF69E6" otype="FKIndexAssociation" vid_source="BF36D310-B615-BA06-6EB6-3C6B330D9993" vid_target="BE1ED665-17F8-8A7D-3BF4-C23699BD9595">
<hideElementsInCurrentOnly>false</hideElementsInCurrentOnly>
<lineWidth>1</lineWidth>
<points>
<point x="1041" y="238"/>
<point x="1041" y="271"/>
</points>
</Connector>
<Connector class="oracle.dbtools.crest.swingui.relational.TVFKRelation" oid="20B63E1E-5B0E-3994-4790-3FD6D1EC74ED" otype="FKIndexAssociation" vid_source="72050808-4277-2546-624C-C09D70A00CBA" vid_target="BE1ED665-17F8-8A7D-3BF4-C23699BD9595">
<hideElementsInCurrentOnly>false</hideElementsInCurrentOnly>
<lineWidth>1</lineWidth>
<points>
<point x="1045" y="569"/>
<point x="1045" y="533"/>
</points>
</Connector>
<Connector class="oracle.dbtools.crest.swingui.relational.TVFKRelation" oid="2A8101BA-22B7-CD1C-EA09-EE3BCCF0036D" otype="FKIndexAssociation" vid_source="C4C6B857-7431-A1D8-D310-426BD765B4E7" vid_target="BE1ED665-17F8-8A7D-3BF4-C23699BD9595">
<hideElementsInCurrentOnly>false</hideElementsInCurrentOnly>
<lineWidth>1</lineWidth>
<points>
<point x="151" y="304"/>
<point x="151" y="285"/>
<point x="894" y="285"/>
</points>
</Connector>
<Connector class="oracle.dbtools.crest.swingui.relational.TVFKRelation" oid="2AD46F21-1AB1-92B7-9B9D-F3229F51E766" otype="FKIndexAssociation" vid_source="E7DD6D8B-8B66-8438-27C2-EEFBD21DAD72" vid_target="72050808-4277-2546-624C-C09D70A00CBA">
<hideElementsInCurrentOnly>false</hideElementsInCurrentOnly>
<lineWidth>1</lineWidth>
<points>
<point x="820" y="668"/>
<point x="925" y="668"/>
</points>
</Connector>
<Connector class="oracle.dbtools.crest.swingui.relational.TVFKRelation" oid="4775B37A-6D92-2C03-754F-F87158D96116" otype="FKIndexAssociation" vid_source="38309B04-EF1A-C5F0-E276-BED8B593D053" vid_target="E7DD6D8B-8B66-8438-27C2-EEFBD21DAD72">
<hideElementsInCurrentOnly>false</hideElementsInCurrentOnly>
<lineWidth>1</lineWidth>
<points>
<point x="507" y="668"/>
<point x="594" y="668"/>
</points>
</Connector>
<Connector class="oracle.dbtools.crest.swingui.relational.TVFKRelation" oid="5ED90719-0753-BDCD-D679-9F69CA6C30E9" otype="FKIndexAssociation" vid_source="C4C6B857-7431-A1D8-D310-426BD765B4E7" vid_target="C91A01FB-C7B6-3F69-05EA-4D76F7685993">
<hideElementsInCurrentOnly>false</hideElementsInCurrentOnly>
<lineWidth>1</lineWidth>
<points>
<point x="150" y="454"/>
<point x="150" y="501"/>
</points>
</Connector>
<Connector class="oracle.dbtools.crest.swingui.relational.TVFKRelation" oid="656B5D9D-9835-47B4-41EE-0FBC7243FF9D" otype="FKIndexAssociation" vid_source="DFEB1531-C422-2913-2AED-D1223576E2D1" vid_target="BE1ED665-17F8-8A7D-3BF4-C23699BD9595">
<hideElementsInCurrentOnly>false</hideElementsInCurrentOnly>
<lineWidth>1</lineWidth>
<points>
<point x="830" y="376"/>
<point x="894" y="376"/>
</points>
</Connector>
<Connector class="oracle.dbtools.crest.swingui.relational.TVFKRelation" oid="68C27DE1-1A91-03BC-8F5B-804642C267F1" otype="FKIndexAssociation" vid_source="0709E688-F1B9-872C-153E-1AD161EDCB47" vid_target="E7DD6D8B-8B66-8438-27C2-EEFBD21DAD72">
<hideElementsInCurrentOnly>false</hideElementsInCurrentOnly>
<lineWidth>1</lineWidth>
<points>
<point x="707" y="804"/>
<point x="707" y="736"/>
</points>
</Connector>
<Connector class="oracle.dbtools.crest.swingui.relational.TVFKRelation" oid="6D078197-7BCE-C139-72D8-319D7961ED4B" otype="FKIndexAssociation" vid_source="379C8867-4985-27C7-3894-A8985FA6B20D" vid_target="72050808-4277-2546-624C-C09D70A00CBA">
<hideElementsInCurrentOnly>false</hideElementsInCurrentOnly>
<lineWidth>1</lineWidth>
<points>
<point x="1029" y="805"/>
<point x="1029" y="747"/>
</points>
</Connector>
<Connector class="oracle.dbtools.crest.swingui.relational.TVFKRelation" oid="82D31467-9489-C0B9-F237-DD133A929F43" otype="FKIndexAssociation" vid_source="38309B04-EF1A-C5F0-E276-BED8B593D053" vid_target="A15DA1AE-0204-A0F2-4FD3-5B7D283E3763">
<hideElementsInCurrentOnly>false</hideElementsInCurrentOnly>
<lineWidth>1</lineWidth>
<points>
<point x="423" y="631"/>
<point x="423" y="440"/>
</points>
</Connector>
<Connector class="oracle.dbtools.crest.swingui.relational.TVFKRelation" oid="8518EB4E-DFBE-761F-950C-14D6B2661B24" otype="FKIndexAssociation" vid_source="DFEB1531-C422-2913-2AED-D1223576E2D1" vid_target="DFEB1531-C422-2913-2AED-D1223576E2D1">
<hideElementsInCurrentOnly>false</hideElementsInCurrentOnly>
<lineWidth>1</lineWidth>
<points>
<point x="830" y="416"/>
<point x="855" y="416"/>
<point x="855" y="469"/>
<point x="707" y="469"/>
<point x="707" y="444"/>
</points>
</Connector>
<Connector class="oracle.dbtools.crest.swingui.relational.TVFKRelation" oid="98827221-BA01-7538-6BEA-A2EB375595EA" otype="FKIndexAssociation" vid_source="FE01E7AB-B7AE-3E54-1FB8-5E59E2E3D3FE" vid_target="862A2CE3-E523-8282-2CC7-14A624199140">
<hideElementsInCurrentOnly>false</hideElementsInCurrentOnly>
<lineWidth>1</lineWidth>
<points>
<point x="1329" y="652"/>
<point x="1329" y="772"/>
</points>
</Connector>
<Connector class="oracle.dbtools.crest.swingui.relational.TVFKRelation" oid="9F7C5C11-ABB5-5DE1-AE85-4CA8F4B6452A" otype="FKIndexAssociation" vid_source="A15DA1AE-0204-A0F2-4FD3-5B7D283E3763" vid_target="C4C6B857-7431-A1D8-D310-426BD765B4E7">
<hideElementsInCurrentOnly>false</hideElementsInCurrentOnly>
<lineWidth>1</lineWidth>
<points>
<point x="317" y="386"/>
<point x="260" y="386"/>
</points>
</Connector>
<Connector class="oracle.dbtools.crest.swingui.relational.TVFKRelation" oid="C317F856-5EEC-A527-481E-3509F36AC41D" otype="FKIndexAssociation" vid_source="A15DA1AE-0204-A0F2-4FD3-5B7D283E3763" vid_target="DFEB1531-C422-2913-2AED-D1223576E2D1">
<hideElementsInCurrentOnly>false</hideElementsInCurrentOnly>
<lineWidth>1</lineWidth>
<points>
<point x="530" y="386"/>
<point x="585" y="386"/>
</points>
</Connector>
<Connector class="oracle.dbtools.crest.swingui.relational.TVFKRelation" oid="DE952044-963B-9ECF-5F7B-32BDDDF30ACE" otype="FKIndexAssociation" vid_source="BF36D310-B615-BA06-6EB6-3C6B330D9993" vid_target="D8B38461-9A64-3DE4-2E5A-6E2539A9FEFF">
<hideElementsInCurrentOnly>false</hideElementsInCurrentOnly>
<lineWidth>1</lineWidth>
<points>
<point x="1154" y="199"/>
<point x="1272" y="199"/>
</points>
</Connector>
<Connector class="oracle.dbtools.crest.swingui.relational.TVFKRelation" oid="E26D8A3A-C95F-1204-003B-A2E105E2D7F5" otype="FKIndexAssociation" vid_source="BF36D310-B615-BA06-6EB6-3C6B330D9993" vid_target="472878D2-29B0-F6A6-E500-7FDF6F973BF8">
<hideElementsInCurrentOnly>false</hideElementsInCurrentOnly>
<lineWidth>1</lineWidth>
<points>
<point x="1031" y="136"/>
<point x="1031" y="100"/>
</points>
</Connector>
<Connector class="oracle.dbtools.crest.swingui.relational.TVFKRelation" oid="E5400773-43B9-6E05-3AE2-3C1151B850F2" otype="FKIndexAssociation" vid_source="72050808-4277-2546-624C-C09D70A00CBA" vid_target="72050808-4277-2546-624C-C09D70A00CBA">
<hideElementsInCurrentOnly>false</hideElementsInCurrentOnly>
<lineWidth>1</lineWidth>
<points>
<point x="1145" y="658"/>
<point x="1170" y="658"/>
<point x="1170" y="772"/>
<point x="1063" y="772"/>
<point x="1063" y="747"/>
</points>
</Connector>
<Connector class="oracle.dbtools.crest.swingui.relational.TVFKRelation" oid="FA2B3BEA-4107-36CD-5119-DCB2393FA74B" otype="FKIndexAssociation" vid_source="379C8867-4985-27C7-3894-A8985FA6B20D" vid_target="862A2CE3-E523-8282-2CC7-14A624199140">
<hideElementsInCurrentOnly>false</hideElementsInCurrentOnly>
<lineWidth>1</lineWidth>
<points>
<point x="1123" y="842"/>
<point x="1218" y="842"/>
</points>
</Connector>
</connectors>
<arcs>
<Arc class="oracle.dbtools.crest.swingui.relational.TVFKArc" oid="D6539EC3-DA08-8813-2F88-00D02104BC62" otype="FKArc" vid="0AA25520-2B94-0A11-9825-8B74F796AEB0">
<hideElementsInCurrentOnly>false</hideElementsInCurrentOnly>
<bounds x="889" y="116" width="285" height="142"/>
</Arc>
</arcs>
</Diagram>