<?xml version = '1.0' encoding = 'UTF-8'?>
<Relation class="oracle.dbtools.crest.model.design.logical.Relation" name="Relation_1" directorySegmentName="seg_0" id="21EE6D6A-A579-E4C5-9903-88CCC03B7AD1">
<createdBy>rblavec</createdBy>
<createdTime>2017-04-20 07:58:06 UTC</createdTime>
<ownerDesignName>MCD MCP Projet</ownerDesignName>
<engineerTo>
<item key="E6482F86-3F65-3B36-7CF4-85250ECBA23F" value="true"/>
</engineerTo>
<sourcePk>F8775713-9FE6-D699-ED85-C11ABC5195A7</sourcePk>
<identifying>false</identifying>
<optionalSource>true</optionalSource>
<optionalTarget>false</optionalTarget>
<sourceCardinality>1</sourceCardinality>
<sourceEntity>29834871-A6AD-20D4-183E-65DD920124AD</sourceEntity>
<targetCardinalityString>*</targetCardinalityString>
<targetEntity>49AB4F06-638E-58EC-4384-420378FFAF17</targetEntity>
<transferable>true</transferable>
<deleteRule>NO ACTION</deleteRule>
</Relation>