<?xml version = '1.0' encoding = 'UTF-8'?>
<Relation class="oracle.dbtools.crest.model.design.logical.Relation" name="Relation_15" directorySegmentName="seg_0" id="4AFDB08C-813E-EAA8-1085-A54705DEEBF9">
<createdBy>rblavec</createdBy>
<createdTime>2017-04-20 08:31:16 UTC</createdTime>
<ownerDesignName>MCD MCP Projet</ownerDesignName>
<engineerTo>
<item key="E6482F86-3F65-3B36-7CF4-85250ECBA23F" value="true"/>
</engineerTo>
<sourcePk>9C71B6AE-854C-507A-B8BC-5152E604981E</sourcePk>
<identifying>false</identifying>
<optionalSource>true</optionalSource>
<optionalTarget>false</optionalTarget>
<sourceCardinality>1</sourceCardinality>
<sourceEntity>F9FF0C9B-10FF-1EE5-4D84-1979B123D4D8</sourceEntity>
<targetCardinalityString>*</targetCardinalityString>
<targetEntity>0295E034-2F11-881B-12AF-486087FACECD</targetEntity>
<transferable>true</transferable>
<deleteRule>NO ACTION</deleteRule>
</Relation>