<?xml version = '1.0' encoding = 'UTF-8'?>
<Relation class="oracle.dbtools.crest.model.design.logical.Relation" name="Relation_6" directorySegmentName="seg_0" id="51D6F858-CD07-D7A6-85A9-2780E28B1D18">
<createdBy>rblavec</createdBy>
<createdTime>2017-04-20 08:04:47 UTC</createdTime>
<ownerDesignName>MCD MCP Projet</ownerDesignName>
<engineerTo>
<item key="E6482F86-3F65-3B36-7CF4-85250ECBA23F" value="true"/>
</engineerTo>
<sourcePk>27661788-9D6E-E106-6D0E-27D65006D181</sourcePk>
<identifying>false</identifying>
<optionalSource>true</optionalSource>
<optionalTarget>false</optionalTarget>
<sourceCardinality>1</sourceCardinality>
<sourceEntity>C4D90D85-2BBD-6F21-58F5-2C6C81C58F35</sourceEntity>
<targetCardinalityString>*</targetCardinalityString>
<targetEntity>9BE5D0C7-344D-6288-2080-7C608D7F067D</targetEntity>
<transferable>true</transferable>
<deleteRule>NO ACTION</deleteRule>
</Relation>