<?xml version = '1.0' encoding = 'UTF-8'?>
<Relation class="oracle.dbtools.crest.model.design.logical.Relation" name="Relation_20" directorySegmentName="seg_0" id="576BB9D2-C734-1332-9DFE-B8B494DE23B5">
<createdBy>rblavec</createdBy>
<createdTime>2017-04-20 09:45:53 UTC</createdTime>
<ownerDesignName>MCD MCP Projet</ownerDesignName>
<engineerTo>
<item key="E6482F86-3F65-3B36-7CF4-85250ECBA23F" value="true"/>
</engineerTo>
<sourcePk>95B3EA73-F92C-FDB8-E714-A5296AC87A15</sourcePk>
<identifying>false</identifying>
<optionalSource>true</optionalSource>
<optionalTarget>false</optionalTarget>
<sourceCardinality>1</sourceCardinality>
<sourceEntity>9BE5D0C7-344D-6288-2080-7C608D7F067D</sourceEntity>
<targetCardinalityString>*</targetCardinalityString>
<targetEntity>0295E034-2F11-881B-12AF-486087FACECD</targetEntity>
<transferable>true</transferable>
<deleteRule>NO ACTION</deleteRule>
</Relation>