<?xml version = '1.0' encoding = 'UTF-8'?>
<Relation class="oracle.dbtools.crest.model.design.logical.Relation" name="Relation_16" directorySegmentName="seg_0" id="97DEE6C5-333B-BBC1-A459-C3B1D74C3C97">
<createdBy>rblavec</createdBy>
<createdTime>2017-04-20 08:31:26 UTC</createdTime>
<ownerDesignName>MCD MCP Projet</ownerDesignName>
<engineerTo>
<item key="E6482F86-3F65-3B36-7CF4-85250ECBA23F" value="true"/>
</engineerTo>
<sourcePk>55ADA2B6-C361-801B-B0E4-424A60B8A2F6</sourcePk>
<identifying>false</identifying>
<optionalSource>true</optionalSource>
<optionalTarget>false</optionalTarget>
<sourceCardinality>1</sourceCardinality>
<sourceEntity>E7901A40-E558-8D4C-9515-B53D39860F2E</sourceEntity>
<targetCardinalityString>*</targetCardinalityString>
<targetEntity>0295E034-2F11-881B-12AF-486087FACECD</targetEntity>
<transferable>true</transferable>
<deleteRule>NO ACTION</deleteRule>
</Relation>