<?xml version = '1.0' encoding = 'UTF-8'?>
<Relation class="oracle.dbtools.crest.model.design.logical.Relation" name="Relation_4" directorySegmentName="seg_0" id="B35BD9C1-F7BF-C819-4E6B-691F2704C66B">
<createdBy>rblavec</createdBy>
<createdTime>2017-04-20 08:01:56 UTC</createdTime>
<ownerDesignName>MCD MCP Projet</ownerDesignName>
<engineerTo>
<item key="E6482F86-3F65-3B36-7CF4-85250ECBA23F" value="true"/>
</engineerTo>
<targetPk>9C71B6AE-854C-507A-B8BC-5152E604981E</targetPk>
<identifying>false</identifying>
<nameOnSource>Manage</nameOnSource>
<optionalSource>true</optionalSource>
<optionalTarget>false</optionalTarget>
<sourceCardinality>1</sourceCardinality>
<sourceEntity>F9FF0C9B-10FF-1EE5-4D84-1979B123D4D8</sourceEntity>
<targetCardinalityString>*</targetCardinalityString>
<targetEntity>F9FF0C9B-10FF-1EE5-4D84-1979B123D4D8</targetEntity>
<transferable>true</transferable>
<deleteRule>NO ACTION</deleteRule>
</Relation>