<?xml version = '1.0' encoding = 'UTF-8'?>
<Relation class="oracle.dbtools.crest.model.design.logical.Relation" name="Relation_18" directorySegmentName="seg_0" id="C21851C5-967C-6285-5EF5-82FC37394B85">
<createdBy>rblavec</createdBy>
<createdTime>2017-04-20 09:37:10 UTC</createdTime>
<ownerDesignName>MCD MCP Projet</ownerDesignName>
<engineerTo>
<item key="E6482F86-3F65-3B36-7CF4-85250ECBA23F" value="true"/>
</engineerTo>
<sourcePk>B4DDF66F-9786-575C-048C-A39EEBCE7DF0</sourcePk>
<identifying>false</identifying>
<optionalSource>true</optionalSource>
<optionalTarget>false</optionalTarget>
<sourceCardinality>1</sourceCardinality>
<sourceEntity>A1BB633B-632A-E78E-E6E8-688517E37FEA</sourceEntity>
<targetCardinalityString>*</targetCardinalityString>
<targetEntity>0295E034-2F11-881B-12AF-486087FACECD</targetEntity>
<transferable>true</transferable>
<deleteRule>NO ACTION</deleteRule>
</Relation>