<?xml version = '1.0' encoding = 'UTF-8'?>
<Relation class="oracle.dbtools.crest.model.design.logical.Relation" name="Relation_5" directorySegmentName="seg_0" id="D18FCBD7-96DC-2490-9D36-13FCE5ED1E4C">
<createdBy>rblavec</createdBy>
<createdTime>2017-04-20 08:04:09 UTC</createdTime>
<ownerDesignName>MCD MCP Projet</ownerDesignName>
<engineerTo>
<item key="E6482F86-3F65-3B36-7CF4-85250ECBA23F" value="true"/>
</engineerTo>
<sourcePk>F8775713-9FE6-D699-ED85-C11ABC5195A7</sourcePk>
<identifying>false</identifying>
<optionalSource>true</optionalSource>
<optionalTarget>false</optionalTarget>
<sourceCardinality>1</sourceCardinality>
<sourceEntity>29834871-A6AD-20D4-183E-65DD920124AD</sourceEntity>
<targetCardinalityString>*</targetCardinalityString>
<targetEntity>C4D90D85-2BBD-6F21-58F5-2C6C81C58F35</targetEntity>
<transferable>true</transferable>
<deleteRule>NO ACTION</deleteRule>
</Relation>