<?xml version = '1.0' encoding = 'UTF-8'?>
<Relation class="oracle.dbtools.crest.model.design.logical.Relation" name="Relation_2" directorySegmentName="seg_0" id="D5CE2FC9-DEE3-BF5A-7CF1-79A48511F5AB">
<createdBy>rblavec</createdBy>
<createdTime>2017-04-20 07:59:13 UTC</createdTime>
<ownerDesignName>MCD MCP Projet</ownerDesignName>
<engineerTo>
<item key="E6482F86-3F65-3B36-7CF4-85250ECBA23F" value="true"/>
</engineerTo>
<sourcePk>42061A5D-4596-4400-5311-101A5C1DF631</sourcePk>
<identifying>false</identifying>
<optionalSource>true</optionalSource>
<optionalTarget>false</optionalTarget>
<sourceCardinality>1</sourceCardinality>
<sourceEntity>211C9566-6A30-2EAB-126C-0DB58102BE82</sourceEntity>
<targetCardinalityString>*</targetCardinalityString>
<targetEntity>49AB4F06-638E-58EC-4384-420378FFAF17</targetEntity>
<transferable>true</transferable>
<deleteRule>NO ACTION</deleteRule>
</Relation>