<?xml version = '1.0' encoding = 'UTF-8'?>
<Relation class="oracle.dbtools.crest.model.design.logical.Relation" name="Relation_7" directorySegmentName="seg_0" id="D68C4589-355A-F2FA-6B74-534771067ABE">
<createdBy>rblavec</createdBy>
<createdTime>2017-04-20 08:05:24 UTC</createdTime>
<ownerDesignName>MCD MCP Projet</ownerDesignName>
<engineerTo>
<item key="E6482F86-3F65-3B36-7CF4-85250ECBA23F" value="true"/>
</engineerTo>
<targetPk>95B3EA73-F92C-FDB8-E714-A5296AC87A15</targetPk>
<identifying>false</identifying>
<nameOnTarget>Sous-Module</nameOnTarget>
<optionalSource>true</optionalSource>
<optionalTarget>false</optionalTarget>
<sourceCardinality>1</sourceCardinality>
<sourceEntity>9BE5D0C7-344D-6288-2080-7C608D7F067D</sourceEntity>
<targetCardinalityString>*</targetCardinalityString>
<targetEntity>9BE5D0C7-344D-6288-2080-7C608D7F067D</targetEntity>
<transferable>true</transferable>
<deleteRule>NO ACTION</deleteRule>
</Relation>