<?xml version = '1.0' encoding = 'UTF-8'?>
<Relation class="oracle.dbtools.crest.model.design.logical.Relation" name="Relation_9" directorySegmentName="seg_0" id="DAD8B9A7-5AB9-5DAC-A311-09A516628844">
<createdBy>rblavec</createdBy>
<createdTime>2017-04-20 08:07:06 UTC</createdTime>
<ownerDesignName>MCD MCP Projet</ownerDesignName>
<engineerTo>
<item key="E6482F86-3F65-3B36-7CF4-85250ECBA23F" value="true"/>
</engineerTo>
<sourcePk>86751667-ABA8-E08D-BE27-C1C09365402D</sourcePk>
<identifying>false</identifying>
<optionalSource>true</optionalSource>
<optionalTarget>false</optionalTarget>
<sourceCardinality>1</sourceCardinality>
<sourceEntity>EC4D0B06-57D3-16FC-A0B9-4EF2FB77664E</sourceEntity>
<targetCardinalityString>*</targetCardinalityString>
<targetEntity>253DAC45-6476-B3B2-55D1-C48EE6769733</targetEntity>
<transferable>true</transferable>
<deleteRule>NO ACTION</deleteRule>
</Relation>