<?xml version = '1.0' encoding = 'UTF-8'?>
<Relation class="oracle.dbtools.crest.model.design.logical.Relation" name="Relation_3" directorySegmentName="seg_0" id="E1BABC0E-6C93-ED4E-0F0C-CEA76C385BAB">
<createdBy>rblavec</createdBy>
<createdTime>2017-04-20 07:59:49 UTC</createdTime>
<ownerDesignName>MCD MCP Projet</ownerDesignName>
<engineerTo>
<item key="E6482F86-3F65-3B36-7CF4-85250ECBA23F" value="true"/>
</engineerTo>
<sourcePk>110411E9-D8A3-F011-99DA-728DF4B2CD88</sourcePk>
<identifying>false</identifying>
<optionalSource>true</optionalSource>
<optionalTarget>false</optionalTarget>
<sourceCardinality>1</sourceCardinality>
<sourceEntity>49AB4F06-638E-58EC-4384-420378FFAF17</sourceEntity>
<targetCardinalityString>*</targetCardinalityString>
<targetEntity>F9FF0C9B-10FF-1EE5-4D84-1979B123D4D8</targetEntity>
<transferable>true</transferable>
<deleteRule>NO ACTION</deleteRule>
</Relation>