<?xml version = '1.0' encoding = 'UTF-8'?>
<Relation class="oracle.dbtools.crest.model.design.logical.Relation" name="Relation_12" directorySegmentName="seg_0" id="E79B70E3-94B2-75F1-1340-5FBBBF3CE68E">
<createdBy>rblavec</createdBy>
<createdTime>2017-04-20 08:14:15 UTC</createdTime>
<ownerDesignName>MCD MCP Projet</ownerDesignName>
<engineerTo>
<item key="E6482F86-3F65-3B36-7CF4-85250ECBA23F" value="true"/>
</engineerTo>
<sourcePk>C5F23F5D-F880-1439-2D92-E98B32A1FBE3</sourcePk>
<identifying>false</identifying>
<optionalSource>true</optionalSource>
<optionalTarget>false</optionalTarget>
<sourceCardinality>1</sourceCardinality>
<sourceEntity>972C15FB-BB8E-D65E-0BAB-A6D369F4BCF4</sourceEntity>
<targetCardinalityString>*</targetCardinalityString>
<targetEntity>F9FF0C9B-10FF-1EE5-4D84-1979B123D4D8</targetEntity>
<transferable>true</transferable>
<deleteRule>NO ACTION</deleteRule>
</Relation>