<?xml version = '1.0' encoding = 'UTF-8'?>
<Relation class="oracle.dbtools.crest.model.design.logical.Relation" name="ActiviteMetier" directorySegmentName="seg_0" id="EDD0DDF8-4F6A-05EA-203C-88E8743E0B85">
<createdBy>rblavec</createdBy>
<createdTime>2017-04-20 08:14:38 UTC</createdTime>
<ownerDesignName>MCD MCP Projet</ownerDesignName>
<engineerTo>
<item key="E6482F86-3F65-3B36-7CF4-85250ECBA23F" value="true"/>
</engineerTo>
<sourcePk>C5F23F5D-F880-1439-2D92-E98B32A1FBE3</sourcePk>
<identifying>false</identifying>
<optionalSource>true</optionalSource>
<optionalTarget>false</optionalTarget>
<sourceCardinality>*</sourceCardinality>
<sourceEntity>972C15FB-BB8E-D65E-0BAB-A6D369F4BCF4</sourceEntity>
<targetCardinalityString>*</targetCardinalityString>
<targetEntity>A1BB633B-632A-E78E-E6E8-688517E37FEA</targetEntity>
<transferable>true</transferable>
<deleteRule>NO ACTION</deleteRule>
</Relation>