<?xml version = '1.0' encoding = 'UTF-8'?>
<Relation class="oracle.dbtools.crest.model.design.logical.Relation" name="Relation_8" directorySegmentName="seg_0" id="EFDC7729-7FC7-39AE-9DE1-82724426A135">
<createdBy>rblavec</createdBy>
<createdTime>2017-04-20 08:06:07 UTC</createdTime>
<ownerDesignName>MCD MCP Projet</ownerDesignName>
<engineerTo>
<item key="E6482F86-3F65-3B36-7CF4-85250ECBA23F" value="true"/>
</engineerTo>
<sourcePk>27661788-9D6E-E106-6D0E-27D65006D181</sourcePk>
<identifying>false</identifying>
<optionalSource>true</optionalSource>
<optionalTarget>false</optionalTarget>
<sourceCardinality>1</sourceCardinality>
<sourceEntity>C4D90D85-2BBD-6F21-58F5-2C6C81C58F35</sourceEntity>
<targetCardinalityString>*</targetCardinalityString>
<targetEntity>EC4D0B06-57D3-16FC-A0B9-4EF2FB77664E</targetEntity>
<transferable>true</transferable>
<deleteRule>NO ACTION</deleteRule>
</Relation>