<?xml version = '1.0' encoding = 'UTF-8'?>
<Relation class="oracle.dbtools.crest.model.design.logical.Relation" name="Relation_22" directorySegmentName="seg_0" id="F11E8F31-7C93-E3E0-35DE-A5723BA5BEB2">
<createdBy>rblavec</createdBy>
<createdTime>2017-04-20 09:54:43 UTC</createdTime>
<ownerDesignName>MCD MCP Projet</ownerDesignName>
<engineerTo>
<item key="E6482F86-3F65-3B36-7CF4-85250ECBA23F" value="true"/>
</engineerTo>
<sourcePk>86751667-ABA8-E08D-BE27-C1C09365402D</sourcePk>
<identifying>false</identifying>
<optionalSource>true</optionalSource>
<optionalTarget>false</optionalTarget>
<sourceCardinality>1</sourceCardinality>
<sourceEntity>EC4D0B06-57D3-16FC-A0B9-4EF2FB77664E</sourceEntity>
<targetCardinalityString>*</targetCardinalityString>
<targetEntity>0295E034-2F11-881B-12AF-486087FACECD</targetEntity>
<transferable>true</transferable>
<deleteRule>NO ACTION</deleteRule>
</Relation>