<?xml version = '1.0' encoding = 'UTF-8'?>
<relationalModel class="oracle.dbtools.crest.model.design.relational.RelationalDesign" name="Relational_1" id="E6482F86-3F65-3B36-7CF4-85250ECBA23F" mainViewID="DDDE3DB7-FA4D-0A23-D6D8-0E54FF5E1026">
<createdBy>rblavec</createdBy>
<createdTime>2017-04-20 07:01:37 UTC</createdTime>
<ownerDesignName>MCD MCP Projet</ownerDesignName>
<shouldBeOpen>false</shouldBeOpen>
<selectedRDBMSSite>22943E51-0387-1F2A-CED9-5FB738BA5A0C</selectedRDBMSSite>
</relationalModel>