<?xml version = '1.0' encoding = 'UTF-8'?>
<FKArc class="oracle.dbtools.crest.model.design.relational.FKArc" directorySegmentName="seg_0" id="D6539EC3-DA08-8813-2F88-00D02104BC62" name="FKArc_5">
<createdBy>rblavec</createdBy>
<createdTime>2017-04-20 14:29:56 UTC</createdTime>
<ownerDesignName>MCD MCP Projet</ownerDesignName>
<mandatory>false</mandatory>
<reverseArc>true</reverseArc>
<table>04844C6D-E2DE-CF40-CE0A-B1A89CF5D0EE</table>
<fkeys>
<fkeyID>E26D8A3A-C95F-1204-003B-A2E105E2D7F5</fkeyID>
<fkeyID>DE952044-963B-9ECF-5F7B-32BDDDF30ACE</fkeyID>
</fkeys>
</FKArc>