<?xml version = '1.0' encoding = 'UTF-8'?>
<Entity class="oracle.dbtools.crest.model.design.logical.Entity" directorySegmentName="seg_0" id="0295E034-2F11-881B-12AF-486087FACECD" name="HistoriqueTache">
<createdBy>rblavec</createdBy>
<createdTime>2017-04-20 08:22:07 UTC</createdTime>
<ownerDesignName>MCD MCP Projet</ownerDesignName>
<engineerTo>
<item key="E6482F86-3F65-3B36-7CF4-85250ECBA23F" value="true"/>
</engineerTo>
<adequatelyNormalized>NO</adequatelyNormalized>
<expectedVolumes>0</expectedVolumes>
<fwdEngineeringStrategyName>Single Table</fwdEngineeringStrategyName>
<growthPercent>0</growthPercent>
<growthType>Year</growthType>
<maxVolumes>9999999</maxVolumes>
<minVolumes>0</minVolumes>
<normalForm>Third</normalForm>
<attributes itemClass="oracle.dbtools.crest.model.design.logical.Attribute">
<Attribute name="IdHistTache" id="9C4DBACE-A111-79B8-FB46-8CFE54DDD317">
<createdBy>rblavec</createdBy>
<createdTime>2017-04-20 08:22:27 UTC</createdTime>
<ownerDesignName>MCD MCP Projet</ownerDesignName>
<engineerTo>
<item key="E6482F86-3F65-3B36-7CF4-85250ECBA23F" value="true"/>
</engineerTo>
<use>0</use>
<logicalDatatype>LOGDT011</logicalDatatype>
<domain>3247E1A3-098F-3BEE-8206-30FACAB0AF62</domain>
<ownDataTypeParameters>,,</ownDataTypeParameters>
</Attribute>
<Attribute name="DateDuJour" id="FEF95A82-766B-7498-8438-81B1E57EF811">
<createdBy>rblavec</createdBy>
<createdTime>2017-04-20 08:22:40 UTC</createdTime>
<ownerDesignName>MCD MCP Projet</ownerDesignName>
<engineerTo>
<item key="E6482F86-3F65-3B36-7CF4-85250ECBA23F" value="true"/>
</engineerTo>
<useDomainConstraints>false</useDomainConstraints>
<use>1</use>
<logicalDatatype>LOGDT007</logicalDatatype>
<ownDataTypeParameters>,,</ownDataTypeParameters>
</Attribute>
<Attribute name="NbrHeuresParJour" id="1A2087FD-4D2E-CEE2-FED8-0D9D0644BE73">
<createdBy>rblavec</createdBy>
<createdTime>2017-04-20 08:24:17 UTC</createdTime>
<ownerDesignName>MCD MCP Projet</ownerDesignName>
<engineerTo>
<item key="E6482F86-3F65-3B36-7CF4-85250ECBA23F" value="true"/>
</engineerTo>
<useDomainConstraints>false</useDomainConstraints>
<use>1</use>
<logicalDatatype>LOGDT011</logicalDatatype>
<ownDataTypeParameters>,,</ownDataTypeParameters>
</Attribute>
<Attribute name="TauxProductivite" id="3CEA06F5-43D5-50F5-63EE-BDF506C25A0D">
<createdBy>rblavec</createdBy>
<createdTime>2017-04-20 08:28:50 UTC</createdTime>
<ownerDesignName>MCD MCP Projet</ownerDesignName>
<engineerTo>
<item key="E6482F86-3F65-3B36-7CF4-85250ECBA23F" value="true"/>
</engineerTo>
<useDomainConstraints>false</useDomainConstraints>
<use>1</use>
<logicalDatatype>LOGDT022</logicalDatatype>
<ownDataTypeParameters>,,</ownDataTypeParameters>
</Attribute>
<Attribute name="Login" id="54AC48D6-B9A6-DA81-8CC4-2962462A0D2D">
<createdBy>rblavec</createdBy>
<createdTime>2017-04-20 08:31:16 UTC</createdTime>
<generatorID>4AFDB08C-813E-EAA8-1085-A54705DEEBF9</generatorID>
<ownerDesignName>MCD MCP Projet</ownerDesignName>
<engineerTo>
<item key="E6482F86-3F65-3B36-7CF4-85250ECBA23F" value="true"/>
</engineerTo>
<referedAttribute>A454651E-0115-C7E7-931F-918FD4260008</referedAttribute>
<useDomainConstraints>false</useDomainConstraints>
<use>1</use>
<logicalDatatype>LOGDT037</logicalDatatype>
<dataTypeSize>10</dataTypeSize>
<ownDataTypeParameters>,,</ownDataTypeParameters>
</Attribute>
<Attribute name="NumeroTache" id="5D96C19D-C0DF-1D57-6074-1F96AD1B8E05">
<createdBy>rblavec</createdBy>
<createdTime>2017-04-20 08:31:26 UTC</createdTime>
<generatorID>97DEE6C5-333B-BBC1-A459-C3B1D74C3C97</generatorID>
<ownerDesignName>MCD MCP Projet</ownerDesignName>
<engineerTo>
<item key="E6482F86-3F65-3B36-7CF4-85250ECBA23F" value="true"/>
</engineerTo>
<referedAttribute>13B87C75-BB47-C4EE-D87B-06008A71CB14</referedAttribute>
<use>0</use>
<logicalDatatype>LOGDT011</logicalDatatype>
<domain>3247E1A3-098F-3BEE-8206-30FACAB0AF62</domain>
<ownDataTypeParameters>,,</ownDataTypeParameters>
</Attribute>
<Attribute name="IdAcitvite" id="62C1BCFB-12D3-07BA-B3C4-64F00B30A2B2">
<createdBy>rblavec</createdBy>
<createdTime>2017-04-20 09:37:10 UTC</createdTime>
<generatorID>C21851C5-967C-6285-5EF5-82FC37394B85</generatorID>
<ownerDesignName>MCD MCP Projet</ownerDesignName>
<engineerTo>
<item key="E6482F86-3F65-3B36-7CF4-85250ECBA23F" value="true"/>
</engineerTo>
<referedAttribute>B7DA42EB-03CF-C509-C340-E3CC5303AEE2</referedAttribute>
<use>0</use>
<logicalDatatype>LOGDT011</logicalDatatype>
<domain>3247E1A3-098F-3BEE-8206-30FACAB0AF62</domain>
<ownDataTypeParameters>,,</ownDataTypeParameters>
</Attribute>
<Attribute name="CodeModule" id="D4CAFD27-0625-906C-3247-01FE1484FE68">
<createdBy>rblavec</createdBy>
<createdTime>2017-04-20 09:45:53 UTC</createdTime>
<generatorID>576BB9D2-C734-1332-9DFE-B8B494DE23B5</generatorID>
<ownerDesignName>MCD MCP Projet</ownerDesignName>
<engineerTo>
<item key="E6482F86-3F65-3B36-7CF4-85250ECBA23F" value="true"/>
</engineerTo>
<referedAttribute>324F121C-D256-461E-006D-8E3DB9301912</referedAttribute>
<use>0</use>
<logicalDatatype>LOGDT011</logicalDatatype>
<domain>3247E1A3-098F-3BEE-8206-30FACAB0AF62</domain>
<ownDataTypeParameters>,,</ownDataTypeParameters>
</Attribute>
<Attribute name="Numero" id="86F8258E-F273-F864-81D6-65AE96379DEC">
<createdBy>rblavec</createdBy>
<createdTime>2017-04-20 09:54:43 UTC</createdTime>
<generatorID>F11E8F31-7C93-E3E0-35DE-A5723BA5BEB2</generatorID>
<ownerDesignName>MCD MCP Projet</ownerDesignName>
<engineerTo>
<item key="E6482F86-3F65-3B36-7CF4-85250ECBA23F" value="true"/>
</engineerTo>
<referedAttribute>E77128F2-08F4-DDB4-804C-0EE4998AD56C</referedAttribute>
<useDomainConstraints>false</useDomainConstraints>
<use>1</use>
<logicalDatatype>LOGDT037</logicalDatatype>
<dataTypeSize>10</dataTypeSize>
<ownDataTypeParameters>,,</ownDataTypeParameters>
</Attribute>
</attributes>
<identifiers itemClass="oracle.dbtools.crest.model.design.logical.CandidateKey">
<identifier id="C264F465-E053-000B-C68D-556FBFF1FC87" name="HistoriqueTache PK">
<createdBy>rblavec</createdBy>
<createdTime>2017-04-20 08:26:14 UTC</createdTime>
<ownerDesignName>MCD MCP Projet</ownerDesignName>
<shouldEngineer>false</shouldEngineer>
<engineerTo>
<item key="E6482F86-3F65-3B36-7CF4-85250ECBA23F" value="false"/>
</engineerTo>
<pk>true</pk>
<usedAttributes>
<attributeRef>9C4DBACE-A111-79B8-FB46-8CFE54DDD317</attributeRef>
</usedAttributes>
</identifier>
</identifiers>
</Entity>