<?xml version = '1.0' encoding = 'UTF-8'?>
<Entity class="oracle.dbtools.crest.model.design.logical.Entity" directorySegmentName="seg_0" id="253DAC45-6476-B3B2-55D1-C48EE6769733" name="Release">
<createdBy>rblavec</createdBy>
<createdTime>2017-04-20 07:29:03 UTC</createdTime>
<ownerDesignName>MCD MCP Projet</ownerDesignName>
<engineerTo>
<item key="E6482F86-3F65-3B36-7CF4-85250ECBA23F" value="true"/>
</engineerTo>
<adequatelyNormalized>NO</adequatelyNormalized>
<expectedVolumes>0</expectedVolumes>
<fwdEngineeringStrategyName>Single Table</fwdEngineeringStrategyName>
<growthPercent>0</growthPercent>
<growthType>Year</growthType>
<maxVolumes>9999999</maxVolumes>
<minVolumes>0</minVolumes>
<normalForm>Third</normalForm>
<attributes itemClass="oracle.dbtools.crest.model.design.logical.Attribute">
<Attribute name="IdRelease" id="CBB1BEDA-9303-A8AE-326E-8D44F9E3DBC8">
<createdBy>rblavec</createdBy>
<createdTime>2017-04-20 07:45:24 UTC</createdTime>
<ownerDesignName>MCD MCP Projet</ownerDesignName>
<engineerTo>
<item key="E6482F86-3F65-3B36-7CF4-85250ECBA23F" value="true"/>
</engineerTo>
<useDomainConstraints>false</useDomainConstraints>
<use>1</use>
<logicalDatatype>LOGDT018</logicalDatatype>
<ownDataTypeParameters>,,</ownDataTypeParameters>
<listOfRanges>
<rangeDef class="oracle.dbtools.crest.model.design.constraint.AVT">
<beginValue>1</beginValue>
<endValue>999</endValue>
<description> Identifiant release</description>
</rangeDef>
</listOfRanges>
</Attribute>
<Attribute name="DateCreation" id="1A4BE773-A814-AA2D-4060-4FD2ED9B8F2D">
<createdBy>rblavec</createdBy>
<createdTime>2017-04-20 07:47:00 UTC</createdTime>
<ownerDesignName>MCD MCP Projet</ownerDesignName>
<engineerTo>
<item key="E6482F86-3F65-3B36-7CF4-85250ECBA23F" value="true"/>
</engineerTo>
<useDomainConstraints>false</useDomainConstraints>
<use>1</use>
<logicalDatatype>LOGDT007</logicalDatatype>
<ownDataTypeParameters>,,</ownDataTypeParameters>
</Attribute>
<Attribute name="Numero" id="31D83EAC-473A-CC6D-0A04-7352A864419E">
<createdBy>rblavec</createdBy>
<createdTime>2017-04-20 08:07:06 UTC</createdTime>
<generatorID>DAD8B9A7-5AB9-5DAC-A311-09A516628844</generatorID>
<ownerDesignName>MCD MCP Projet</ownerDesignName>
<engineerTo>
<item key="E6482F86-3F65-3B36-7CF4-85250ECBA23F" value="true"/>
</engineerTo>
<referedAttribute>E77128F2-08F4-DDB4-804C-0EE4998AD56C</referedAttribute>
<useDomainConstraints>false</useDomainConstraints>
<use>1</use>
<logicalDatatype>LOGDT037</logicalDatatype>
<dataTypeSize>10</dataTypeSize>
<ownDataTypeParameters>,,</ownDataTypeParameters>
</Attribute>
</attributes>
<identifiers itemClass="oracle.dbtools.crest.model.design.logical.CandidateKey">
<identifier id="F4029A92-9634-275D-0173-68F9E70243EE" name="Release PK">
<createdBy>rblavec</createdBy>
<createdTime>2017-04-20 07:45:42 UTC</createdTime>
<ownerDesignName>MCD MCP Projet</ownerDesignName>
<engineerTo>
<item key="E6482F86-3F65-3B36-7CF4-85250ECBA23F" value="true"/>
</engineerTo>
<pk>true</pk>
<usedAttributes>
<attributeRef>CBB1BEDA-9303-A8AE-326E-8D44F9E3DBC8</attributeRef>
</usedAttributes>
</identifier>
</identifiers>
</Entity>