<?xml version = '1.0' encoding = 'UTF-8'?>
<Entity class="oracle.dbtools.crest.model.design.logical.Entity" directorySegmentName="seg_0" id="49AB4F06-638E-58EC-4384-420378FFAF17" name="Equipe">
<createdBy>rblavec</createdBy>
<createdTime>2017-04-20 07:28:32 UTC</createdTime>
<ownerDesignName>MCD MCP Projet</ownerDesignName>
<engineerTo>
<item key="E6482F86-3F65-3B36-7CF4-85250ECBA23F" value="true"/>
</engineerTo>
<adequatelyNormalized>NO</adequatelyNormalized>
<expectedVolumes>0</expectedVolumes>
<fwdEngineeringStrategyName>Single Table</fwdEngineeringStrategyName>
<growthPercent>0</growthPercent>
<growthType>Year</growthType>
<maxVolumes>9999999</maxVolumes>
<minVolumes>0</minVolumes>
<normalForm>Third</normalForm>
<attributes itemClass="oracle.dbtools.crest.model.design.logical.Attribute">
<Attribute name="IdEquipe" id="B1631ECC-8FAC-4B92-93BA-F7B6DE6E949B">
<createdBy>rblavec</createdBy>
<createdTime>2017-04-20 07:57:38 UTC</createdTime>
<ownerDesignName>MCD MCP Projet</ownerDesignName>
<engineerTo>
<item key="E6482F86-3F65-3B36-7CF4-85250ECBA23F" value="true"/>
</engineerTo>
<use>0</use>
<logicalDatatype>LOGDT011</logicalDatatype>
<domain>3247E1A3-098F-3BEE-8206-30FACAB0AF62</domain>
<ownDataTypeParameters>,,</ownDataTypeParameters>
</Attribute>
<Attribute name="IdFiliere" id="E21CB267-CC61-6450-B67F-E15D27494B2D">
<createdBy>rblavec</createdBy>
<createdTime>2017-04-20 07:58:06 UTC</createdTime>
<generatorID>21EE6D6A-A579-E4C5-9903-88CCC03B7AD1</generatorID>
<ownerDesignName>MCD MCP Projet</ownerDesignName>
<engineerTo>
<item key="E6482F86-3F65-3B36-7CF4-85250ECBA23F" value="true"/>
</engineerTo>
<referedAttribute>71C13231-EC72-FA9F-A313-40551979A8F9</referedAttribute>
<use>0</use>
<logicalDatatype>LOGDT011</logicalDatatype>
<domain>3247E1A3-098F-3BEE-8206-30FACAB0AF62</domain>
<ownDataTypeParameters>,,</ownDataTypeParameters>
</Attribute>
<Attribute name="IdService" id="5F75C437-F2D8-D5BD-43D3-53E9A13407D2">
<createdBy>rblavec</createdBy>
<createdTime>2017-04-20 07:59:13 UTC</createdTime>
<generatorID>D5CE2FC9-DEE3-BF5A-7CF1-79A48511F5AB</generatorID>
<ownerDesignName>MCD MCP Projet</ownerDesignName>
<engineerTo>
<item key="E6482F86-3F65-3B36-7CF4-85250ECBA23F" value="true"/>
</engineerTo>
<referedAttribute>BADAD122-E701-66C9-49C4-5C499738F60C</referedAttribute>
<use>0</use>
<logicalDatatype>LOGDT011</logicalDatatype>
<domain>3247E1A3-098F-3BEE-8206-30FACAB0AF62</domain>
<ownDataTypeParameters>,,</ownDataTypeParameters>
</Attribute>
<Attribute name="NomEquipe" id="58EAB0AD-1561-1F82-7B61-837987EC4C49">
<createdBy>rblavec</createdBy>
<createdTime>2017-04-20 08:19:23 UTC</createdTime>
<ownerDesignName>MCD MCP Projet</ownerDesignName>
<engineerTo>
<item key="E6482F86-3F65-3B36-7CF4-85250ECBA23F" value="true"/>
</engineerTo>
<nullsAllowed>true</nullsAllowed>
<use>0</use>
<logicalDatatype>LOGDT037</logicalDatatype>
<domain>44231A1D-DF52-9364-362F-C264361631CA</domain>
<ownDataTypeParameters>,,</ownDataTypeParameters>
</Attribute>
</attributes>
<identifiers itemClass="oracle.dbtools.crest.model.design.logical.CandidateKey">
<identifier id="110411E9-D8A3-F011-99DA-728DF4B2CD88" name="Equipe PK">
<createdBy>rblavec</createdBy>
<createdTime>2017-04-20 07:57:47 UTC</createdTime>
<ownerDesignName>MCD MCP Projet</ownerDesignName>
<engineerTo>
<item key="E6482F86-3F65-3B36-7CF4-85250ECBA23F" value="true"/>
</engineerTo>
<pk>true</pk>
<usedAttributes>
<attributeRef>B1631ECC-8FAC-4B92-93BA-F7B6DE6E949B</attributeRef>
</usedAttributes>
</identifier>
</identifiers>
</Entity>