<?xml version = '1.0' encoding = 'UTF-8'?>
<Entity class="oracle.dbtools.crest.model.design.logical.Entity" directorySegmentName="seg_0" id="9BE5D0C7-344D-6288-2080-7C608D7F067D" name="Module">
<createdBy>rblavec</createdBy>
<createdTime>2017-04-20 07:28:53 UTC</createdTime>
<ownerDesignName>MCD MCP Projet</ownerDesignName>
<engineerTo>
<item key="E6482F86-3F65-3B36-7CF4-85250ECBA23F" value="true"/>
</engineerTo>
<adequatelyNormalized>NO</adequatelyNormalized>
<expectedVolumes>0</expectedVolumes>
<fwdEngineeringStrategyName>Single Table</fwdEngineeringStrategyName>
<growthPercent>0</growthPercent>
<growthType>Year</growthType>
<maxVolumes>9999999</maxVolumes>
<minVolumes>0</minVolumes>
<normalForm>Third</normalForm>
<attributes itemClass="oracle.dbtools.crest.model.design.logical.Attribute">
<Attribute name="CodeModule" id="324F121C-D256-461E-006D-8E3DB9301912">
<createdBy>rblavec</createdBy>
<createdTime>2017-04-20 07:40:20 UTC</createdTime>
<ownerDesignName>MCD MCP Projet</ownerDesignName>
<engineerTo>
<item key="E6482F86-3F65-3B36-7CF4-85250ECBA23F" value="true"/>
</engineerTo>
<use>0</use>
<logicalDatatype>LOGDT011</logicalDatatype>
<domain>3247E1A3-098F-3BEE-8206-30FACAB0AF62</domain>
<ownDataTypeParameters>,,</ownDataTypeParameters>
</Attribute>
<Attribute name="Libelle" id="3851DA62-4F0D-68D7-28BD-1D700712DA22">
<createdBy>rblavec</createdBy>
<createdTime>2017-04-20 07:40:31 UTC</createdTime>
<ownerDesignName>MCD MCP Projet</ownerDesignName>
<engineerTo>
<item key="E6482F86-3F65-3B36-7CF4-85250ECBA23F" value="true"/>
</engineerTo>
<use>0</use>
<logicalDatatype>LOGDT037</logicalDatatype>
<domain>9971EC93-FE01-DA49-FF83-A52133D52999</domain>
<ownDataTypeParameters>,,</ownDataTypeParameters>
</Attribute>
<Attribute name="Code" id="589FB3F0-0BE5-1C4B-53E1-F55989B97302">
<createdBy>rblavec</createdBy>
<createdTime>2017-04-20 08:04:47 UTC</createdTime>
<generatorID>51D6F858-CD07-D7A6-85A9-2780E28B1D18</generatorID>
<ownerDesignName>MCD MCP Projet</ownerDesignName>
<engineerTo>
<item key="E6482F86-3F65-3B36-7CF4-85250ECBA23F" value="true"/>
</engineerTo>
<referedAttribute>5AE34B3D-2DB5-7463-636D-D5951DA658C9</referedAttribute>
<use>0</use>
<logicalDatatype>LOGDT011</logicalDatatype>
<domain>3247E1A3-098F-3BEE-8206-30FACAB0AF62</domain>
<ownDataTypeParameters>,,</ownDataTypeParameters>
</Attribute>
<Attribute name="CodeModuleParent" id="30C51BC3-765E-7C5B-120E-2DBF1AAB64E7">
<createdBy>rblavec</createdBy>
<createdTime>2017-04-20 08:05:24 UTC</createdTime>
<generatorID>D68C4589-355A-F2FA-6B74-534771067ABE</generatorID>
<ownerDesignName>MCD MCP Projet</ownerDesignName>
<engineerTo>
<item key="E6482F86-3F65-3B36-7CF4-85250ECBA23F" value="true"/>
</engineerTo>
<nullsAllowed>true</nullsAllowed>
<referedAttribute>324F121C-D256-461E-006D-8E3DB9301912</referedAttribute>
<use>0</use>
<logicalDatatype>LOGDT011</logicalDatatype>
<domain>3247E1A3-098F-3BEE-8206-30FACAB0AF62</domain>
<ownDataTypeParameters>,,</ownDataTypeParameters>
</Attribute>
</attributes>
<identifiers itemClass="oracle.dbtools.crest.model.design.logical.CandidateKey">
<identifier id="95B3EA73-F92C-FDB8-E714-A5296AC87A15" name="Module PK">
<createdBy>rblavec</createdBy>
<createdTime>2017-04-20 07:40:27 UTC</createdTime>
<ownerDesignName>MCD MCP Projet</ownerDesignName>
<shouldEngineer>false</shouldEngineer>
<engineerTo>
<item key="E6482F86-3F65-3B36-7CF4-85250ECBA23F" value="false"/>
</engineerTo>
<pk>true</pk>
<usedAttributes>
<attributeRef>324F121C-D256-461E-006D-8E3DB9301912</attributeRef>
</usedAttributes>
</identifier>
</identifiers>
</Entity>