<?xml version = '1.0' encoding = 'UTF-8'?>
<Entity class="oracle.dbtools.crest.model.design.logical.Entity" directorySegmentName="seg_0" id="C4D90D85-2BBD-6F21-58F5-2C6C81C58F35" name="Logiciel">
<createdBy>rblavec</createdBy>
<createdTime>2017-04-20 07:28:47 UTC</createdTime>
<ownerDesignName>MCD MCP Projet</ownerDesignName>
<engineerTo>
<item key="E6482F86-3F65-3B36-7CF4-85250ECBA23F" value="true"/>
</engineerTo>
<adequatelyNormalized>NO</adequatelyNormalized>
<expectedVolumes>0</expectedVolumes>
<fwdEngineeringStrategyName>Single Table</fwdEngineeringStrategyName>
<growthPercent>0</growthPercent>
<growthType>Year</growthType>
<maxVolumes>9999999</maxVolumes>
<minVolumes>0</minVolumes>
<normalForm>Third</normalForm>
<attributes itemClass="oracle.dbtools.crest.model.design.logical.Attribute">
<Attribute name="Code" id="5AE34B3D-2DB5-7463-636D-D5951DA658C9">
<createdBy>rblavec</createdBy>
<createdTime>2017-04-20 07:39:41 UTC</createdTime>
<ownerDesignName>MCD MCP Projet</ownerDesignName>
<engineerTo>
<item key="E6482F86-3F65-3B36-7CF4-85250ECBA23F" value="true"/>
</engineerTo>
<use>0</use>
<logicalDatatype>LOGDT011</logicalDatatype>
<domain>3247E1A3-098F-3BEE-8206-30FACAB0AF62</domain>
<ownDataTypeParameters>,,</ownDataTypeParameters>
</Attribute>
<Attribute name="IdFiliere" id="FE4789E1-05F1-EC7E-67D6-732EE0813585">
<createdBy>rblavec</createdBy>
<createdTime>2017-04-20 08:04:09 UTC</createdTime>
<generatorID>D18FCBD7-96DC-2490-9D36-13FCE5ED1E4C</generatorID>
<ownerDesignName>MCD MCP Projet</ownerDesignName>
<engineerTo>
<item key="E6482F86-3F65-3B36-7CF4-85250ECBA23F" value="true"/>
</engineerTo>
<referedAttribute>71C13231-EC72-FA9F-A313-40551979A8F9</referedAttribute>
<use>0</use>
<logicalDatatype>LOGDT011</logicalDatatype>
<domain>3247E1A3-098F-3BEE-8206-30FACAB0AF62</domain>
<ownDataTypeParameters>,,</ownDataTypeParameters>
</Attribute>
<Attribute name="NomLogiciel" id="559C4BDD-E8D5-5AAD-11E6-BAB005865FAC">
<createdBy>rblavec</createdBy>
<createdTime>2017-04-20 12:54:01 UTC</createdTime>
<ownerDesignName>MCD MCP Projet</ownerDesignName>
<engineerTo>
<item key="E6482F86-3F65-3B36-7CF4-85250ECBA23F" value="true"/>
</engineerTo>
<use>0</use>
<logicalDatatype>LOGDT037</logicalDatatype>
<domain>44231A1D-DF52-9364-362F-C264361631CA</domain>
<ownDataTypeParameters>,,</ownDataTypeParameters>
</Attribute>
</attributes>
<identifiers itemClass="oracle.dbtools.crest.model.design.logical.CandidateKey">
<identifier id="27661788-9D6E-E106-6D0E-27D65006D181" name="Logiciel PK">
<createdBy>rblavec</createdBy>
<createdTime>2017-04-20 07:39:46 UTC</createdTime>
<ownerDesignName>MCD MCP Projet</ownerDesignName>
<shouldEngineer>false</shouldEngineer>
<engineerTo>
<item key="E6482F86-3F65-3B36-7CF4-85250ECBA23F" value="false"/>
</engineerTo>
<pk>true</pk>
<usedAttributes>
<attributeRef>5AE34B3D-2DB5-7463-636D-D5951DA658C9</attributeRef>
</usedAttributes>
</identifier>
</identifiers>
</Entity>