<?xml version = '1.0' encoding = 'UTF-8'?>
<Entity class="oracle.dbtools.crest.model.design.logical.Entity" directorySegmentName="seg_0" id="E7901A40-E558-8D4C-9515-B53D39860F2E" name="Tache">
<createdBy>rblavec</createdBy>
<createdTime>2017-04-20 07:29:08 UTC</createdTime>
<ownerDesignName>MCD MCP Projet</ownerDesignName>
<engineerTo>
<item key="E6482F86-3F65-3B36-7CF4-85250ECBA23F" value="true"/>
</engineerTo>
<adequatelyNormalized>NO</adequatelyNormalized>
<expectedVolumes>0</expectedVolumes>
<fwdEngineeringStrategyName>Single Table</fwdEngineeringStrategyName>
<growthPercent>0</growthPercent>
<growthType>Year</growthType>
<maxVolumes>9999999</maxVolumes>
<minVolumes>0</minVolumes>
<normalForm>Third</normalForm>
<attributes itemClass="oracle.dbtools.crest.model.design.logical.Attribute">
<Attribute name="NumeroTache" id="13B87C75-BB47-C4EE-D87B-06008A71CB14">
<createdBy>rblavec</createdBy>
<createdTime>2017-04-20 07:49:28 UTC</createdTime>
<ownerDesignName>MCD MCP Projet</ownerDesignName>
<engineerTo>
<item key="E6482F86-3F65-3B36-7CF4-85250ECBA23F" value="true"/>
</engineerTo>
<use>0</use>
<logicalDatatype>LOGDT011</logicalDatatype>
<domain>3247E1A3-098F-3BEE-8206-30FACAB0AF62</domain>
<ownDataTypeParameters>,,</ownDataTypeParameters>
</Attribute>
<Attribute name="Libelle" id="1F6BC786-5B85-44F2-DDCC-B40FD7563B14">
<createdBy>rblavec</createdBy>
<createdTime>2017-04-20 07:49:43 UTC</createdTime>
<ownerDesignName>MCD MCP Projet</ownerDesignName>
<engineerTo>
<item key="E6482F86-3F65-3B36-7CF4-85250ECBA23F" value="true"/>
</engineerTo>
<use>0</use>
<logicalDatatype>LOGDT037</logicalDatatype>
<domain>44231A1D-DF52-9364-362F-C264361631CA</domain>
<ownDataTypeParameters>,,</ownDataTypeParameters>
</Attribute>
<Attribute name="Description" id="D6098B33-A9CA-44D1-73CF-DCA0906DCF02">
<createdBy>rblavec</createdBy>
<createdTime>2017-04-20 07:50:00 UTC</createdTime>
<ownerDesignName>MCD MCP Projet</ownerDesignName>
<engineerTo>
<item key="E6482F86-3F65-3B36-7CF4-85250ECBA23F" value="true"/>
</engineerTo>
<nullsAllowed>true</nullsAllowed>
<use>0</use>
<logicalDatatype>LOGDT037</logicalDatatype>
<domain>9971EC93-FE01-DA49-FF83-A52133D52999</domain>
<ownDataTypeParameters>,,</ownDataTypeParameters>
</Attribute>
<Attribute name="DureeEstimeeEnJours" id="8BFBC59E-A3D0-4AF0-BD6C-1FC6D5E972BF">
<createdBy>rblavec</createdBy>
<createdTime>2017-04-20 08:34:28 UTC</createdTime>
<ownerDesignName>MCD MCP Projet</ownerDesignName>
<engineerTo>
<item key="E6482F86-3F65-3B36-7CF4-85250ECBA23F" value="true"/>
</engineerTo>
<useDomainConstraints>false</useDomainConstraints>
<use>1</use>
<logicalDatatype>LOGDT011</logicalDatatype>
<ownDataTypeParameters>,,</ownDataTypeParameters>
</Attribute>
</attributes>
<identifiers itemClass="oracle.dbtools.crest.model.design.logical.CandidateKey">
<identifier id="55ADA2B6-C361-801B-B0E4-424A60B8A2F6" name="Tache PK">
<createdBy>rblavec</createdBy>
<createdTime>2017-04-20 07:49:37 UTC</createdTime>
<ownerDesignName>MCD MCP Projet</ownerDesignName>
<shouldEngineer>false</shouldEngineer>
<engineerTo>
<item key="E6482F86-3F65-3B36-7CF4-85250ECBA23F" value="false"/>
</engineerTo>
<pk>true</pk>
<usedAttributes>
<attributeRef>13B87C75-BB47-C4EE-D87B-06008A71CB14</attributeRef>
</usedAttributes>
</identifier>
</identifiers>
</Entity>