<?xml version = '1.0' encoding = 'UTF-8'?>
<Entity class="oracle.dbtools.crest.model.design.logical.Entity" directorySegmentName="seg_0" id="EC4D0B06-57D3-16FC-A0B9-4EF2FB77664E" name="Version">
<createdBy>rblavec</createdBy>
<createdTime>2017-04-20 07:28:58 UTC</createdTime>
<ownerDesignName>MCD MCP Projet</ownerDesignName>
<engineerTo>
<item key="E6482F86-3F65-3B36-7CF4-85250ECBA23F" value="true"/>
</engineerTo>
<adequatelyNormalized>NO</adequatelyNormalized>
<expectedVolumes>0</expectedVolumes>
<fwdEngineeringStrategyName>Single Table</fwdEngineeringStrategyName>
<growthPercent>0</growthPercent>
<growthType>Year</growthType>
<maxVolumes>9999999</maxVolumes>
<minVolumes>0</minVolumes>
<normalForm>Third</normalForm>
<attributes itemClass="oracle.dbtools.crest.model.design.logical.Attribute">
<Attribute name="Numero" id="E77128F2-08F4-DDB4-804C-0EE4998AD56C">
<createdBy>rblavec</createdBy>
<createdTime>2017-04-20 07:41:16 UTC</createdTime>
<ownerDesignName>MCD MCP Projet</ownerDesignName>
<engineerTo>
<item key="E6482F86-3F65-3B36-7CF4-85250ECBA23F" value="true"/>
</engineerTo>
<useDomainConstraints>false</useDomainConstraints>
<use>1</use>
<logicalDatatype>LOGDT037</logicalDatatype>
<dataTypeSize>10</dataTypeSize>
<ownDataTypeParameters>10,,</ownDataTypeParameters>
</Attribute>
<Attribute name="Millesime" id="BC044C6C-068E-862C-782B-4F446CC1976D">
<createdBy>rblavec</createdBy>
<createdTime>2017-04-20 07:43:12 UTC</createdTime>
<ownerDesignName>MCD MCP Projet</ownerDesignName>
<engineerTo>
<item key="E6482F86-3F65-3B36-7CF4-85250ECBA23F" value="true"/>
</engineerTo>
<useDomainConstraints>false</useDomainConstraints>
<use>1</use>
<logicalDatatype>LOGDT018</logicalDatatype>
<ownDataTypeParameters>,,</ownDataTypeParameters>
</Attribute>
<Attribute name="DateOuverture" id="4FDB0963-AA02-5433-011B-5B9F7616B2B2">
<createdBy>rblavec</createdBy>
<createdTime>2017-04-20 07:44:27 UTC</createdTime>
<ownerDesignName>MCD MCP Projet</ownerDesignName>
<engineerTo>
<item key="E6482F86-3F65-3B36-7CF4-85250ECBA23F" value="true"/>
</engineerTo>
<useDomainConstraints>false</useDomainConstraints>
<use>1</use>
<logicalDatatype>LOGDT007</logicalDatatype>
<ownDataTypeParameters>,,</ownDataTypeParameters>
</Attribute>
<Attribute name="DateSortiePrevue" id="4FFDFBFE-DE3A-1C58-D714-037DE660DC05">
<createdBy>rblavec</createdBy>
<createdTime>2017-04-20 07:44:43 UTC</createdTime>
<ownerDesignName>MCD MCP Projet</ownerDesignName>
<engineerTo>
<item key="E6482F86-3F65-3B36-7CF4-85250ECBA23F" value="true"/>
</engineerTo>
<useDomainConstraints>false</useDomainConstraints>
<use>1</use>
<logicalDatatype>LOGDT007</logicalDatatype>
<ownDataTypeParameters>,,</ownDataTypeParameters>
</Attribute>
<Attribute name="DateSortieReelle" id="908BEF0D-7D92-CA0A-4372-E93E8ACF5902">
<createdBy>rblavec</createdBy>
<createdTime>2017-04-20 07:44:59 UTC</createdTime>
<ownerDesignName>MCD MCP Projet</ownerDesignName>
<engineerTo>
<item key="E6482F86-3F65-3B36-7CF4-85250ECBA23F" value="true"/>
</engineerTo>
<nullsAllowed>true</nullsAllowed>
<useDomainConstraints>false</useDomainConstraints>
<use>1</use>
<logicalDatatype>LOGDT007</logicalDatatype>
<ownDataTypeParameters>,,</ownDataTypeParameters>
</Attribute>
<Attribute name="Code" id="A3367AFA-05A9-DF24-FA50-6434C8EF2001">
<createdBy>rblavec</createdBy>
<createdTime>2017-04-20 08:06:07 UTC</createdTime>
<generatorID>EFDC7729-7FC7-39AE-9DE1-82724426A135</generatorID>
<ownerDesignName>MCD MCP Projet</ownerDesignName>
<engineerTo>
<item key="E6482F86-3F65-3B36-7CF4-85250ECBA23F" value="true"/>
</engineerTo>
<referedAttribute>5AE34B3D-2DB5-7463-636D-D5951DA658C9</referedAttribute>
<use>0</use>
<logicalDatatype>LOGDT011</logicalDatatype>
<domain>3247E1A3-098F-3BEE-8206-30FACAB0AF62</domain>
<ownDataTypeParameters>,,</ownDataTypeParameters>
</Attribute>
</attributes>
<identifiers itemClass="oracle.dbtools.crest.model.design.logical.CandidateKey">
<identifier id="86751667-ABA8-E08D-BE27-C1C09365402D" name="Version PK">
<createdBy>rblavec</createdBy>
<createdTime>2017-04-20 07:44:03 UTC</createdTime>
<ownerDesignName>MCD MCP Projet</ownerDesignName>
<shouldEngineer>false</shouldEngineer>
<engineerTo>
<item key="E6482F86-3F65-3B36-7CF4-85250ECBA23F" value="false"/>
</engineerTo>
<pk>true</pk>
<usedAttributes>
<attributeRef>E77128F2-08F4-DDB4-804C-0EE4998AD56C</attributeRef>
</usedAttributes>
</identifier>
</identifiers>
</Entity>