<?xml version = '1.0' encoding = 'UTF-8'?>
<Entity class="oracle.dbtools.crest.model.design.logical.Entity" directorySegmentName="seg_0" id="F001F386-A802-D1DF-9425-F05B2615CD49" name="TacheProduction">
<createdBy>rblavec</createdBy>
<createdTime>2017-04-20 07:29:13 UTC</createdTime>
<ownerDesignName>MCD MCP Projet</ownerDesignName>
<engineerTo>
<item key="E6482F86-3F65-3B36-7CF4-85250ECBA23F" value="true"/>
</engineerTo>
<adequatelyNormalized>NO</adequatelyNormalized>
<expectedVolumes>0</expectedVolumes>
<fwdEngineeringStrategyName>Single Table</fwdEngineeringStrategyName>
<growthPercent>0</growthPercent>
<growthType>Year</growthType>
<hierarchicalParent>E7901A40-E558-8D4C-9515-B53D39860F2E</hierarchicalParent>
<maxVolumes>9999999</maxVolumes>
<minVolumes>0</minVolumes>
<normalForm>Third</normalForm>
<attributes itemClass="oracle.dbtools.crest.model.design.logical.Attribute">
<Attribute name="DureeInitialePrevueEnJour" id="0469A121-4C73-C78B-5694-3DB97BAAD048">
<createdBy>rblavec</createdBy>
<createdTime>2017-04-20 07:50:35 UTC</createdTime>
<ownerDesignName>MCD MCP Projet</ownerDesignName>
<engineerTo>
<item key="E6482F86-3F65-3B36-7CF4-85250ECBA23F" value="true"/>
</engineerTo>
<useDomainConstraints>false</useDomainConstraints>
<use>1</use>
<logicalDatatype>LOGDT011</logicalDatatype>
<ownDataTypeParameters>,,</ownDataTypeParameters>
</Attribute>
</attributes>
</Entity>