<?xml version = '1.0' encoding = 'UTF-8'?>
<Entity class="oracle.dbtools.crest.model.design.logical.Entity" directorySegmentName="seg_0" id="F9FF0C9B-10FF-1EE5-4D84-1979B123D4D8" name="Salarie">
<createdBy>rblavec</createdBy>
<createdTime>2017-04-20 07:29:51 UTC</createdTime>
<ownerDesignName>MCD MCP Projet</ownerDesignName>
<engineerTo>
<item key="E6482F86-3F65-3B36-7CF4-85250ECBA23F" value="true"/>
</engineerTo>
<adequatelyNormalized>NO</adequatelyNormalized>
<expectedVolumes>0</expectedVolumes>
<fwdEngineeringStrategyName>Single Table</fwdEngineeringStrategyName>
<growthPercent>0</growthPercent>
<growthType>Year</growthType>
<maxVolumes>9999999</maxVolumes>
<minVolumes>0</minVolumes>
<normalForm>Third</normalForm>
<attributes itemClass="oracle.dbtools.crest.model.design.logical.Attribute">
<Attribute name="Login" id="A454651E-0115-C7E7-931F-918FD4260008">
<createdBy>rblavec</createdBy>
<createdTime>2017-04-20 07:34:23 UTC</createdTime>
<ownerDesignName>MCD MCP Projet</ownerDesignName>
<engineerTo>
<item key="E6482F86-3F65-3B36-7CF4-85250ECBA23F" value="true"/>
</engineerTo>
<useDomainConstraints>false</useDomainConstraints>
<use>1</use>
<logicalDatatype>LOGDT037</logicalDatatype>
<dataTypeSize>10</dataTypeSize>
<ownDataTypeParameters>10,,</ownDataTypeParameters>
</Attribute>
<Attribute name="IdEquipe" id="30DEF1B4-C375-5E52-337D-99C4F1BEEB57">
<createdBy>rblavec</createdBy>
<createdTime>2017-04-20 07:59:49 UTC</createdTime>
<generatorID>E1BABC0E-6C93-ED4E-0F0C-CEA76C385BAB</generatorID>
<ownerDesignName>MCD MCP Projet</ownerDesignName>
<engineerTo>
<item key="E6482F86-3F65-3B36-7CF4-85250ECBA23F" value="true"/>
</engineerTo>
<referedAttribute>B1631ECC-8FAC-4B92-93BA-F7B6DE6E949B</referedAttribute>
<use>0</use>
<logicalDatatype>LOGDT011</logicalDatatype>
<domain>3247E1A3-098F-3BEE-8206-30FACAB0AF62</domain>
<ownDataTypeParameters>,,</ownDataTypeParameters>
</Attribute>
<Attribute name="Manager" id="4B01462F-F7D8-8194-26EF-092768350ABA">
<createdBy>rblavec</createdBy>
<createdTime>2017-04-20 08:01:56 UTC</createdTime>
<generatorID>B35BD9C1-F7BF-C819-4E6B-691F2704C66B</generatorID>
<ownerDesignName>MCD MCP Projet</ownerDesignName>
<engineerTo>
<item key="E6482F86-3F65-3B36-7CF4-85250ECBA23F" value="true"/>
</engineerTo>
<nullsAllowed>true</nullsAllowed>
<referedAttribute>A454651E-0115-C7E7-931F-918FD4260008</referedAttribute>
<useDomainConstraints>false</useDomainConstraints>
<use>1</use>
<logicalDatatype>LOGDT037</logicalDatatype>
<dataTypeSize>10</dataTypeSize>
<ownDataTypeParameters>,,</ownDataTypeParameters>
</Attribute>
<Attribute name="IdMetier" id="84C62F4B-A6DA-1255-2D46-BAD283F4A05A">
<createdBy>rblavec</createdBy>
<createdTime>2017-04-20 08:14:15 UTC</createdTime>
<generatorID>E79B70E3-94B2-75F1-1340-5FBBBF3CE68E</generatorID>
<ownerDesignName>MCD MCP Projet</ownerDesignName>
<engineerTo>
<item key="E6482F86-3F65-3B36-7CF4-85250ECBA23F" value="true"/>
</engineerTo>
<referedAttribute>F31B86CD-6051-FED7-5DC8-C099E9251486</referedAttribute>
<use>0</use>
<logicalDatatype>LOGDT011</logicalDatatype>
<domain>3247E1A3-098F-3BEE-8206-30FACAB0AF62</domain>
<ownDataTypeParameters>,,</ownDataTypeParameters>
</Attribute>
<Attribute name="NomSalarie" id="B54148D5-F1EF-98C9-542F-CE459AF52272">
<createdBy>rblavec</createdBy>
<createdTime>2017-04-20 08:29:19 UTC</createdTime>
<ownerDesignName>MCD MCP Projet</ownerDesignName>
<engineerTo>
<item key="E6482F86-3F65-3B36-7CF4-85250ECBA23F" value="true"/>
</engineerTo>
<nullsAllowed>true</nullsAllowed>
<use>0</use>
<logicalDatatype>LOGDT037</logicalDatatype>
<domain>44231A1D-DF52-9364-362F-C264361631CA</domain>
<ownDataTypeParameters>,,</ownDataTypeParameters>
</Attribute>
<Attribute name="PrenomSalarie" id="8879253C-0ACF-3C61-4678-0BD1065B0DDF">
<createdBy>rblavec</createdBy>
<createdTime>2017-04-20 08:29:31 UTC</createdTime>
<ownerDesignName>MCD MCP Projet</ownerDesignName>
<engineerTo>
<item key="E6482F86-3F65-3B36-7CF4-85250ECBA23F" value="true"/>
</engineerTo>
<nullsAllowed>true</nullsAllowed>
<use>0</use>
<logicalDatatype>LOGDT037</logicalDatatype>
<domain>44231A1D-DF52-9364-362F-C264361631CA</domain>
<ownDataTypeParameters>,,</ownDataTypeParameters>
</Attribute>
</attributes>
<identifiers itemClass="oracle.dbtools.crest.model.design.logical.CandidateKey">
<identifier id="9C71B6AE-854C-507A-B8BC-5152E604981E" name="Salarie PK">
<createdBy>rblavec</createdBy>
<createdTime>2017-04-20 07:34:26 UTC</createdTime>
<ownerDesignName>MCD MCP Projet</ownerDesignName>
<shouldEngineer>false</shouldEngineer>
<engineerTo>
<item key="E6482F86-3F65-3B36-7CF4-85250ECBA23F" value="false"/>
</engineerTo>
<pk>true</pk>
<usedAttributes>
<attributeRef>A454651E-0115-C7E7-931F-918FD4260008</attributeRef>
</usedAttributes>
</identifier>
</identifiers>
</Entity>