<?xml version = '1.0' encoding = 'UTF-8'?>
<Diagram class="oracle.dbtools.crest.swingui.logical.DPVLogical" name="Logical" id="10BAB81E-6DD0-2BFF-34DD-30F74BED1FBD">
<createdBy>rblavec</createdBy>
<modifiedBy>rblavec</modifiedBy>
<createdTime>2017-04-20 07:01:43 UTC</createdTime>
<autoRoute>false</autoRoute>
<boxInbox>false</boxInbox>
<showLegend>true</showLegend>
<showLabels>true</showLabels>
<showRelAttributes>true</showRelAttributes>
<gridEnabled>false</gridEnabled>
<showGrid>false</showGrid>
<diagramColor>-1</diagramColor>
<legendPosX>49</legendPosX>
<legendPosY>511</legendPosY>
<display>false</display>
<notation>1</notation>
<objectViews>
<OView class="oracle.dbtools.crest.swingui.logical.TVEntity" oid="0295E034-2F11-881B-12AF-486087FACECD" otype="Entity" vid="EC3BFCED-D7F2-A619-8E50-79C53BD3ED63">
<hideElementsInCurrentOnly>false</hideElementsInCurrentOnly>
<bounds x="680" y="218" width="211" height="82"/>
</OView>
<OView class="oracle.dbtools.crest.swingui.TVLegend" oid="0F649ACD-B1E9-65F1-F679-7FE83C3B9855" otype="Legend" vid="C2828D0F-ECDA-8EE6-6C90-7C2772E99FDF">
<hideElementsInCurrentOnly>false</hideElementsInCurrentOnly>
<bounds x="49" y="511" width="232" height="135"/>
</OView>
<OView class="oracle.dbtools.crest.swingui.logical.TVEntity" oid="211C9566-6A30-2EAB-126C-0DB58102BE82" otype="Entity" vid="E8F06585-BDC9-D6D6-F4A8-88994D987C9E">
<hideElementsInCurrentOnly>false</hideElementsInCurrentOnly>
<bounds x="496" y="471" width="115" height="54"/>
</OView>
<OView class="oracle.dbtools.crest.swingui.logical.TVEntity" oid="253DAC45-6476-B3B2-55D1-C48EE6769733" otype="Entity" vid="C4D96276-A394-FCA6-8D47-F78968A01CE6">
<hideElementsInCurrentOnly>false</hideElementsInCurrentOnly>
<bounds x="118" y="304" width="119" height="54"/>
</OView>
<OView class="oracle.dbtools.crest.swingui.logical.TVEntity" oid="29834871-A6AD-20D4-183E-65DD920124AD" otype="Entity" vid="9B711296-70DF-8F5F-C646-E1DBCD55C18A">
<hideElementsInCurrentOnly>false</hideElementsInCurrentOnly>
<bounds x="303" y="371" width="109" height="54"/>
</OView>
<OView class="oracle.dbtools.crest.swingui.logical.TVEntity" oid="49AB4F06-638E-58EC-4384-420378FFAF17" otype="Entity" vid="3C48C6D6-781F-2792-E58D-74D235035BF9">
<hideElementsInCurrentOnly>false</hideElementsInCurrentOnly>
<bounds x="495" y="378" width="113" height="54"/>
</OView>
<OView class="oracle.dbtools.crest.swingui.logical.TVEntity" oid="972C15FB-BB8E-D65E-0BAB-A6D369F4BCF4" otype="Entity" vid="4EBDB078-12A7-C0A6-4DDB-D195FFC1BE1C">
<hideElementsInCurrentOnly>false</hideElementsInCurrentOnly>
<bounds x="717" y="473" width="109" height="54"/>
</OView>
<OView class="oracle.dbtools.crest.swingui.logical.TVEntity" oid="9BE5D0C7-344D-6288-2080-7C608D7F067D" otype="Entity" vid="446FD0FD-1EE0-9923-A7E6-3029604B37E9">
<hideElementsInCurrentOnly>false</hideElementsInCurrentOnly>
<bounds x="441" y="195" width="118" height="54"/>
</OView>
<OView class="oracle.dbtools.crest.swingui.TVNote" oid="9DFFF852-EBF8-1EA3-A651-35149FB3CC50" otype="Note" vid="047957C6-A293-C5BB-9CD0-8673EA694F67">
<hideElementsInCurrentOnly>false</hideElementsInCurrentOnly>
<bounds x="49" y="38" width="232" height="40"/>
<useCustomFormat>true</useCustomFormat>
<useDefaultColor>false</useDefaultColor>
<backgroundColor>-52</backgroundColor>
<foregroundColor>-16777216</foregroundColor>
<comment>MCD - SI JobOverview</comment>
<fonts itemClass="oracle.dbtools.crest.model.design.FontObjectWr">
<FontObject>
<foType>Titre</foType>
<fontSize>20</fontSize>
<fontStyle>1</fontStyle>
<colorRGB>-16777216</colorRGB>
</FontObject>
</fonts>
</OView>
<OView class="oracle.dbtools.crest.swingui.logical.TVEntity" oid="A1BB633B-632A-E78E-E6E8-688517E37FEA" otype="Entity" vid="E25DA3C7-7BBC-0BBD-B6C3-2A2B37ACE755">
<hideElementsInCurrentOnly>false</hideElementsInCurrentOnly>
<bounds x="924" y="371" width="115" height="54"/>
</OView>
<OView class="oracle.dbtools.crest.swingui.logical.TVEntity" oid="C4D90D85-2BBD-6F21-58F5-2C6C81C58F35" otype="Entity" vid="4E2B4980-5B57-037D-BB25-F989617EEA55">
<hideElementsInCurrentOnly>false</hideElementsInCurrentOnly>
<bounds x="289" y="198" width="118" height="54"/>
</OView>
<OView class="oracle.dbtools.crest.swingui.TVNote" oid="DDAB09D5-D69C-19A6-AA93-8F19B16D5814" otype="Note" vid="704645D4-47C5-662C-0916-B11921AED649">
<hideElementsInCurrentOnly>false</hideElementsInCurrentOnly>
<bounds x="303" y="540" width="344" height="79"/>
<useCustomFormat>true</useCustomFormat>
<useDefaultColor>false</useDefaultColor>
<backgroundColor>-3342388</backgroundColor>
<foregroundColor>-16777216</foregroundColor>
<comment>Ne pas oublier : &lt;br/&gt;     - Afficher les libellés&lt;br/&gt;     - Afficher la légende&lt;br/&gt;&lt;br/&gt;Pour cela, cocher dans le menu Clic-Droit - Afficher - Libellés/Légende</comment>
<fonts itemClass="oracle.dbtools.crest.model.design.FontObjectWr">
<FontObject>
<foType>Titre</foType>
<colorRGB>-16777216</colorRGB>
</FontObject>
</fonts>
</OView>
<OView class="oracle.dbtools.crest.swingui.logical.TVEntity" oid="E7901A40-E558-8D4C-9515-B53D39860F2E" otype="Entity" vid="F64362F9-2404-8C72-C2AB-51C8535DC466">
<hideElementsInCurrentOnly>false</hideElementsInCurrentOnly>
<bounds x="714" y="104" width="160" height="82"/>
</OView>
<OView class="oracle.dbtools.crest.swingui.logical.TVEntity" oid="EC4D0B06-57D3-16FC-A0B9-4EF2FB77664E" otype="Entity" vid="B8F74888-647A-8312-5601-02FC587B0578">
<hideElementsInCurrentOnly>false</hideElementsInCurrentOnly>
<bounds x="107" y="155" width="140" height="96"/>
</OView>
<OView class="oracle.dbtools.crest.swingui.logical.TVEntity" oid="F001F386-A802-D1DF-9425-F05B2615CD49" otype="Entity" vid="783DE567-F6AA-615D-850D-FF7E8E9020DF">
<hideElementsInCurrentOnly>false</hideElementsInCurrentOnly>
<bounds x="705" y="26" width="184" height="40"/>
</OView>
<OView class="oracle.dbtools.crest.swingui.logical.TVEntity" oid="F9FF0C9B-10FF-1EE5-4D84-1979B123D4D8" otype="Entity" vid="68B0FA06-F4FE-F5BB-2868-11AAABC63BD0">
<hideElementsInCurrentOnly>false</hideElementsInCurrentOnly>
<bounds x="713" y="364" width="128" height="68"/>
</OView>
<OView class="oracle.dbtools.crest.swingui.logical.TVEntity" oid="FD4DEF72-D736-9B66-8F8D-91ECFF48086D" otype="Entity" vid="71F3263E-F06A-16F6-E849-5C667A1C4088">
<hideElementsInCurrentOnly>false</hideElementsInCurrentOnly>
<bounds x="921" y="130" width="134" height="40"/>
</OView>
</objectViews>
<connectors>
<Connector class="oracle.dbtools.crest.swingui.logical.TVRelation" oid="21EE6D6A-A579-E4C5-9903-88CCC03B7AD1" otype="Relation" vid_source="9B711296-70DF-8F5F-C646-E1DBCD55C18A" vid_target="3C48C6D6-781F-2792-E58D-74D235035BF9">
<hideElementsInCurrentOnly>false</hideElementsInCurrentOnly>
<lineWidth>1</lineWidth>
<points>
<point x="412" y="403"/>
<point x="495" y="404"/>
</points>
</Connector>
<Connector class="oracle.dbtools.crest.swingui.logical.TVRelation" oid="4AFDB08C-813E-EAA8-1085-A54705DEEBF9" otype="Relation" vid_source="68B0FA06-F4FE-F5BB-2868-11AAABC63BD0" vid_target="EC3BFCED-D7F2-A619-8E50-79C53BD3ED63">
<hideElementsInCurrentOnly>false</hideElementsInCurrentOnly>
<lineWidth>1</lineWidth>
<points>
<point x="775" y="364"/>
<point x="774" y="300"/>
</points>
</Connector>
<Connector class="oracle.dbtools.crest.swingui.logical.TVRelation" oid="51D6F858-CD07-D7A6-85A9-2780E28B1D18" otype="Relation" vid_source="4E2B4980-5B57-037D-BB25-F989617EEA55" vid_target="446FD0FD-1EE0-9923-A7E6-3029604B37E9">
<hideElementsInCurrentOnly>false</hideElementsInCurrentOnly>
<lineWidth>1</lineWidth>
<points>
<point x="407" y="223"/>
<point x="441" y="223"/>
</points>
</Connector>
<Connector class="oracle.dbtools.crest.swingui.logical.TVRelation" oid="576BB9D2-C734-1332-9DFE-B8B494DE23B5" otype="Relation" vid_source="446FD0FD-1EE0-9923-A7E6-3029604B37E9" vid_target="EC3BFCED-D7F2-A619-8E50-79C53BD3ED63">
<hideElementsInCurrentOnly>false</hideElementsInCurrentOnly>
<lineWidth>1</lineWidth>
<points>
<point x="559" y="243"/>
<point x="680" y="243"/>
</points>
</Connector>
<Connector class="oracle.dbtools.crest.swingui.logical.TVInheritanceRelation" oid="8063E2EC-6C2A-B140-6095-A5B71F3F02F6" otype="Hierarchy relation" vid_source="F64362F9-2404-8C72-C2AB-51C8535DC466" vid_target="783DE567-F6AA-615D-850D-FF7E8E9020DF">
<hideElementsInCurrentOnly>false</hideElementsInCurrentOnly>
<lineWidth>1</lineWidth>
<points>
<point x="794" y="104"/>
<point x="794" y="66"/>
</points>
</Connector>
<Connector class="oracle.dbtools.crest.swingui.logical.TVRelation" oid="97DEE6C5-333B-BBC1-A459-C3B1D74C3C97" otype="Relation" vid_source="F64362F9-2404-8C72-C2AB-51C8535DC466" vid_target="EC3BFCED-D7F2-A619-8E50-79C53BD3ED63">
<hideElementsInCurrentOnly>false</hideElementsInCurrentOnly>
<lineWidth>1</lineWidth>
<points>
<point x="794" y="186"/>
<point x="794" y="218"/>
</points>
</Connector>
<Connector class="oracle.dbtools.crest.swingui.logical.TVInheritanceRelation" oid="9AC2FFE5-1FDC-A3F9-0AC1-8714EE692DD5" otype="Hierarchy relation" vid_source="F64362F9-2404-8C72-C2AB-51C8535DC466" vid_target="71F3263E-F06A-16F6-E849-5C667A1C4088">
<hideElementsInCurrentOnly>false</hideElementsInCurrentOnly>
<lineWidth>1</lineWidth>
<points>
<point x="874" y="150"/>
<point x="921" y="150"/>
</points>
</Connector>
<Connector class="oracle.dbtools.crest.swingui.logical.TVRelation" oid="B35BD9C1-F7BF-C819-4E6B-691F2704C66B" otype="Relation" vid_source="68B0FA06-F4FE-F5BB-2868-11AAABC63BD0" vid_target="68B0FA06-F4FE-F5BB-2868-11AAABC63BD0">
<hideElementsInCurrentOnly>false</hideElementsInCurrentOnly>
<lineWidth>1</lineWidth>
<sourceLabel class="oracle.dbtools.crest.model.design.Label">
<site>0</site>
<labelBounds x="840" y="401" width="48" height="30"/>
<fonts itemClass="oracle.dbtools.crest.model.design.FontObjectWr">
<FontObject>
<foType>Texte</foType>
<colorRGB>-16777216</colorRGB>
</FontObject>
</fonts>
</sourceLabel>
<points>
<point x="841" y="398"/>
<point x="883" y="398"/>
<point x="883" y="457"/>
<point x="800" y="457"/>
<point x="800" y="432"/>
</points>
</Connector>
<Connector class="oracle.dbtools.crest.swingui.logical.TVRelation" oid="C21851C5-967C-6285-5EF5-82FC37394B85" otype="Relation" vid_source="E25DA3C7-7BBC-0BBD-B6C3-2A2B37ACE755" vid_target="EC3BFCED-D7F2-A619-8E50-79C53BD3ED63">
<hideElementsInCurrentOnly>false</hideElementsInCurrentOnly>
<lineWidth>1</lineWidth>
<points>
<point x="978" y="371"/>
<point x="978" y="271"/>
<point x="891" y="271"/>
</points>
</Connector>
<Connector class="oracle.dbtools.crest.swingui.logical.TVRelation" oid="D18FCBD7-96DC-2490-9D36-13FCE5ED1E4C" otype="Relation" vid_source="9B711296-70DF-8F5F-C646-E1DBCD55C18A" vid_target="4E2B4980-5B57-037D-BB25-F989617EEA55">
<hideElementsInCurrentOnly>false</hideElementsInCurrentOnly>
<lineWidth>1</lineWidth>
<points>
<point x="355" y="371"/>
<point x="355" y="252"/>
</points>
</Connector>
<Connector class="oracle.dbtools.crest.swingui.logical.TVRelation" oid="D5CE2FC9-DEE3-BF5A-7CF1-79A48511F5AB" otype="Relation" vid_source="E8F06585-BDC9-D6D6-F4A8-88994D987C9E" vid_target="3C48C6D6-781F-2792-E58D-74D235035BF9">
<hideElementsInCurrentOnly>false</hideElementsInCurrentOnly>
<lineWidth>1</lineWidth>
<points>
<point x="547" y="471"/>
<point x="546" y="432"/>
</points>
</Connector>
<Connector class="oracle.dbtools.crest.swingui.logical.TVRelation" oid="D68C4589-355A-F2FA-6B74-534771067ABE" otype="Relation" vid_source="446FD0FD-1EE0-9923-A7E6-3029604B37E9" vid_target="446FD0FD-1EE0-9923-A7E6-3029604B37E9">
<hideElementsInCurrentOnly>false</hideElementsInCurrentOnly>
<lineWidth>1</lineWidth>
<targetLabel class="oracle.dbtools.crest.model.design.Label">
<site>2</site>
<labelBounds x="579" y="215" width="125" height="39"/>
<fonts itemClass="oracle.dbtools.crest.model.design.FontObjectWr">
<FontObject>
<foType>Texte</foType>
<colorRGB>-16777216</colorRGB>
</FontObject>
</fonts>
</targetLabel>
<points>
<point x="515" y="195"/>
<point x="515" y="162"/>
<point x="626" y="162"/>
<point x="626" y="227"/>
<point x="559" y="227"/>
</points>
</Connector>
<Connector class="oracle.dbtools.crest.swingui.logical.TVRelation" oid="DAD8B9A7-5AB9-5DAC-A311-09A516628844" otype="Relation" vid_source="B8F74888-647A-8312-5601-02FC587B0578" vid_target="C4D96276-A394-FCA6-8D47-F78968A01CE6">
<hideElementsInCurrentOnly>false</hideElementsInCurrentOnly>
<lineWidth>1</lineWidth>
<points>
<point x="177" y="251"/>
<point x="177" y="304"/>
</points>
</Connector>
<Connector class="oracle.dbtools.crest.swingui.logical.TVRelation" oid="E1BABC0E-6C93-ED4E-0F0C-CEA76C385BAB" otype="Relation" vid_source="3C48C6D6-781F-2792-E58D-74D235035BF9" vid_target="68B0FA06-F4FE-F5BB-2868-11AAABC63BD0">
<hideElementsInCurrentOnly>false</hideElementsInCurrentOnly>
<lineWidth>1</lineWidth>
<points>
<point x="608" y="405"/>
<point x="713" y="405"/>
</points>
</Connector>
<Connector class="oracle.dbtools.crest.swingui.logical.TVRelation" oid="E79B70E3-94B2-75F1-1340-5FBBBF3CE68E" otype="Relation" vid_source="4EBDB078-12A7-C0A6-4DDB-D195FFC1BE1C" vid_target="68B0FA06-F4FE-F5BB-2868-11AAABC63BD0">
<hideElementsInCurrentOnly>false</hideElementsInCurrentOnly>
<lineWidth>1</lineWidth>
<points>
<point x="771" y="473"/>
<point x="771" y="432"/>
</points>
</Connector>
<Connector class="oracle.dbtools.crest.swingui.logical.TVRelation" oid="EDD0DDF8-4F6A-05EA-203C-88E8743E0B85" otype="Relation" vid_source="4EBDB078-12A7-C0A6-4DDB-D195FFC1BE1C" vid_target="E25DA3C7-7BBC-0BBD-B6C3-2A2B37ACE755">
<hideElementsInCurrentOnly>false</hideElementsInCurrentOnly>
<lineWidth>1</lineWidth>
<points>
<point x="826" y="509"/>
<point x="979" y="509"/>
<point x="979" y="425"/>
</points>
</Connector>
<Connector class="oracle.dbtools.crest.swingui.logical.TVRelation" oid="EFDC7729-7FC7-39AE-9DE1-82724426A135" otype="Relation" vid_source="4E2B4980-5B57-037D-BB25-F989617EEA55" vid_target="B8F74888-647A-8312-5601-02FC587B0578">
<hideElementsInCurrentOnly>false</hideElementsInCurrentOnly>
<lineWidth>1</lineWidth>
<points>
<point x="289" y="234"/>
<point x="247" y="234"/>
</points>
</Connector>
<Connector class="oracle.dbtools.crest.swingui.logical.TVRelation" oid="F11E8F31-7C93-E3E0-35DE-A5723BA5BEB2" otype="Relation" vid_source="B8F74888-647A-8312-5601-02FC587B0578" vid_target="EC3BFCED-D7F2-A619-8E50-79C53BD3ED63">
<hideElementsInCurrentOnly>false</hideElementsInCurrentOnly>
<lineWidth>1</lineWidth>
<points>
<point x="179" y="155"/>
<point x="179" y="126"/>
<point x="701" y="126"/>
<point x="701" y="218"/>
</points>
</Connector>
</connectors>
</Diagram>