<?xml version = '1.0' encoding = 'UTF-8'?>
<Table class="oracle.dbtools.crest.model.design.relational.Table" directorySegmentName="seg_0" id="04844C6D-E2DE-CF40-CE0A-B1A89CF5D0EE" name="Tache">
<createdBy>rblavec</createdBy>
<createdTime>2017-04-20 13:25:18 UTC</createdTime>
<generatorID>E7901A40-E558-8D4C-9515-B53D39860F2E</generatorID>
<ownerDesignName>MCD MCP Projet</ownerDesignName>
<allowColumnReorder>false</allowColumnReorder>
<existDependencyGenerateInDDl>true</existDependencyGenerateInDDl>
<parsed>true</parsed>
<columns itemClass="oracle.dbtools.crest.model.design.relational.Column">
<Column name="NumeroTache" id="B834FC42-99CD-FC1E-371B-946848753768">
<createdBy>rblavec</createdBy>
<createdTime>2017-04-20 13:25:18 UTC</createdTime>
<generatorID>13B87C75-BB47-C4EE-D87B-06008A71CB14</generatorID>
<ownerDesignName>MCD MCP Projet</ownerDesignName>
<use>0</use>
<logicalDatatype>LOGDT011</logicalDatatype>
<domain>3247E1A3-098F-3BEE-8206-30FACAB0AF62</domain>
<ownDataTypeParameters>,,</ownDataTypeParameters>
<autoIncrementColumn>true</autoIncrementColumn>
<identityColumn>true</identityColumn>
<autoIncrementCycle>false</autoIncrementCycle>
</Column>
<Column name="Libelle" id="B39E4AF5-DC0F-100F-5AA5-5F96ECBE8410">
<createdBy>rblavec</createdBy>
<createdTime>2017-04-20 13:25:18 UTC</createdTime>
<generatorID>1F6BC786-5B85-44F2-DDCC-B40FD7563B14</generatorID>
<ownerDesignName>MCD MCP Projet</ownerDesignName>
<use>0</use>
<logicalDatatype>LOGDT037</logicalDatatype>
<domain>44231A1D-DF52-9364-362F-C264361631CA</domain>
<ownDataTypeParameters>,,</ownDataTypeParameters>
<autoIncrementCycle>false</autoIncrementCycle>
</Column>
<Column name="Description" id="F4F71801-E5F2-B875-6D9E-CEFABC4AA9B1">
<createdBy>rblavec</createdBy>
<createdTime>2017-04-20 13:25:18 UTC</createdTime>
<generatorID>D6098B33-A9CA-44D1-73CF-DCA0906DCF02</generatorID>
<ownerDesignName>MCD MCP Projet</ownerDesignName>
<nullsAllowed>true</nullsAllowed>
<use>0</use>
<logicalDatatype>LOGDT037</logicalDatatype>
<domain>9971EC93-FE01-DA49-FF83-A52133D52999</domain>
<ownDataTypeParameters>,,</ownDataTypeParameters>
<autoIncrementCycle>false</autoIncrementCycle>
</Column>
<Column name="DureeEstimeeEnJours" id="BCF0E4D2-7500-06D6-73A5-1844B2A50BF9">
<createdBy>rblavec</createdBy>
<createdTime>2017-04-20 13:25:18 UTC</createdTime>
<generatorID>8BFBC59E-A3D0-4AF0-BD6C-1FC6D5E972BF</generatorID>
<ownerDesignName>MCD MCP Projet</ownerDesignName>
<useDomainConstraints>false</useDomainConstraints>
<use>1</use>
<logicalDatatype>LOGDT011</logicalDatatype>
<ownDataTypeParameters>,,</ownDataTypeParameters>
<autoIncrementCycle>false</autoIncrementCycle>
</Column>
</columns>
<indexes itemClass="oracle.dbtools.crest.model.design.relational.Index">
<ind_PK_UK id="09FEF885-5CA4-3B66-FD3F-654D6C3AA519" name="Tache_PK">
<createdBy>rblavec</createdBy>
<createdTime>2017-04-20 13:25:18 UTC</createdTime>
<generatorID>55ADA2B6-C361-801B-B0E4-424A60B8A2F6</generatorID>
<ownerDesignName>MCD MCP Projet</ownerDesignName>
<pk>true</pk>
<indexState>Primary Constraint</indexState>
<isSurrogateKey>false</isSurrogateKey>
<indexColumnUsage>
<colUsage columnID="B834FC42-99CD-FC1E-371B-946848753768"/>
</indexColumnUsage>
</ind_PK_UK>
</indexes>
</Table>