<?xml version = '1.0' encoding = 'UTF-8'?>
<Table class="oracle.dbtools.crest.model.design.relational.Table" directorySegmentName="seg_0" id="04E361B1-F4D7-96D7-B8C2-FCB0FD758AA7" schemaObject="74E9CDF9-B9AC-AC5A-ED0D-F4638CB7E13B" name="Equipe">
<createdBy>rblavec</createdBy>
<createdTime>2017-04-20 12:19:45 UTC</createdTime>
<generatorID>49AB4F06-638E-58EC-4384-420378FFAF17</generatorID>
<ownerDesignName>MCD MCP Projet</ownerDesignName>
<allowColumnReorder>false</allowColumnReorder>
<existDependencyGenerateInDDl>true</existDependencyGenerateInDDl>
<parsed>true</parsed>
<columns itemClass="oracle.dbtools.crest.model.design.relational.Column">
<Column name="IdEquipe" id="9EC61D29-B7F3-F5EF-DCD5-E0EB3324B91C">
<createdBy>rblavec</createdBy>
<createdTime>2017-04-20 12:19:45 UTC</createdTime>
<generatorID>B1631ECC-8FAC-4B92-93BA-F7B6DE6E949B</generatorID>
<ownerDesignName>MCD MCP Projet</ownerDesignName>
<use>0</use>
<logicalDatatype>LOGDT011</logicalDatatype>
<domain>3247E1A3-098F-3BEE-8206-30FACAB0AF62</domain>
<ownDataTypeParameters>,,</ownDataTypeParameters>
<autoIncrementCycle>false</autoIncrementCycle>
</Column>
<Column name="Filiere_IdFiliere" id="632358BD-1339-E85C-87E7-8B9061B2167C">
<createdBy>rblavec</createdBy>
<createdTime>2017-04-20 12:19:45 UTC</createdTime>
<generatorID>E21CB267-CC61-6450-B67F-E15D27494B2D</generatorID>
<ownerDesignName>MCD MCP Projet</ownerDesignName>
<use>0</use>
<logicalDatatype>LOGDT011</logicalDatatype>
<domain>3247E1A3-098F-3BEE-8206-30FACAB0AF62</domain>
<ownDataTypeParameters>,,</ownDataTypeParameters>
<previousColumn>false</previousColumn>
<autoIncrementCycle>false</autoIncrementCycle>
<associations>
<colAssociation fkAssociation="4775B37A-6D92-2C03-754F-F87158D96116" referredColumn="21313E6D-49C3-A6CF-D0AA-D9B252605AE9"/>
</associations>
</Column>
<Column name="Service_IdService" id="4B4C9F71-6560-8ECF-9408-16B6110D1062">
<createdBy>rblavec</createdBy>
<createdTime>2017-04-20 12:19:45 UTC</createdTime>
<generatorID>5F75C437-F2D8-D5BD-43D3-53E9A13407D2</generatorID>
<ownerDesignName>MCD MCP Projet</ownerDesignName>
<use>0</use>
<logicalDatatype>LOGDT011</logicalDatatype>
<domain>3247E1A3-098F-3BEE-8206-30FACAB0AF62</domain>
<ownDataTypeParameters>,,</ownDataTypeParameters>
<previousColumn>false</previousColumn>
<autoIncrementCycle>false</autoIncrementCycle>
<associations>
<colAssociation fkAssociation="68C27DE1-1A91-03BC-8F5B-804642C267F1" referredColumn="3015948C-AB9A-69EB-A7AA-83A32E6B9134"/>
</associations>
</Column>
<Column name="NomEquipe" id="3FE91C82-30D5-2405-5752-D8AA74BEC9B8">
<createdBy>rblavec</createdBy>
<createdTime>2017-04-20 12:19:45 UTC</createdTime>
<generatorID>58EAB0AD-1561-1F82-7B61-837987EC4C49</generatorID>
<ownerDesignName>MCD MCP Projet</ownerDesignName>
<nullsAllowed>true</nullsAllowed>
<use>0</use>
<logicalDatatype>LOGDT037</logicalDatatype>
<domain>44231A1D-DF52-9364-362F-C264361631CA</domain>
<ownDataTypeParameters>,,</ownDataTypeParameters>
<autoIncrementCycle>false</autoIncrementCycle>
</Column>
</columns>
<indexes itemClass="oracle.dbtools.crest.model.design.relational.Index">
<ind_PK_UK id="7D22B1D1-BAE6-FE4B-EA80-C60843FFC0EB" name="Equipe_PK">
<createdBy>rblavec</createdBy>
<createdTime>2017-04-20 12:19:45 UTC</createdTime>
<generatorID>110411E9-D8A3-F011-99DA-728DF4B2CD88</generatorID>
<ownerDesignName>MCD MCP Projet</ownerDesignName>
<pk>true</pk>
<indexState>Primary Constraint</indexState>
<isSurrogateKey>false</isSurrogateKey>
<indexColumnUsage>
<colUsage columnID="9EC61D29-B7F3-F5EF-DCD5-E0EB3324B91C"/>
</indexColumnUsage>
</ind_PK_UK>
<ind_PK_UK id="91EFA781-5765-EF5B-9378-14721A252136" name="Equipe_Filiere_FK">
<createdBy>rblavec</createdBy>
<createdTime>2017-04-20 12:19:45 UTC</createdTime>
<generatorID>21EE6D6A-A579-E4C5-9903-88CCC03B7AD1</generatorID>
<ownerDesignName>MCD MCP Projet</ownerDesignName>
<indexState>Foreign Key</indexState>
<isSurrogateKey>false</isSurrogateKey>
<indexColumnUsage>
<colUsage columnID="632358BD-1339-E85C-87E7-8B9061B2167C"/>
</indexColumnUsage>
</ind_PK_UK>
<ind_PK_UK id="5520521E-5996-BC70-1BC0-5F5E2779AD53" name="Equipe_Service_FK">
<createdBy>rblavec</createdBy>
<createdTime>2017-04-20 12:19:45 UTC</createdTime>
<generatorID>D5CE2FC9-DEE3-BF5A-7CF1-79A48511F5AB</generatorID>
<ownerDesignName>MCD MCP Projet</ownerDesignName>
<indexState>Foreign Key</indexState>
<isSurrogateKey>false</isSurrogateKey>
<indexColumnUsage>
<colUsage columnID="4B4C9F71-6560-8ECF-9408-16B6110D1062"/>
</indexColumnUsage>
</ind_PK_UK>
</indexes>
</Table>