<?xml version = '1.0' encoding = 'UTF-8'?>
<Table class="oracle.dbtools.crest.model.design.relational.Table" directorySegmentName="seg_0" id="0D986149-7150-5A18-7382-F027959C45BA" schemaObject="74E9CDF9-B9AC-AC5A-ED0D-F4638CB7E13B" name="Version">
<createdBy>rblavec</createdBy>
<createdTime>2017-04-20 12:19:45 UTC</createdTime>
<generatorID>EC4D0B06-57D3-16FC-A0B9-4EF2FB77664E</generatorID>
<ownerDesignName>MCD MCP Projet</ownerDesignName>
<allowColumnReorder>false</allowColumnReorder>
<existDependencyGenerateInDDl>true</existDependencyGenerateInDDl>
<parsed>true</parsed>
<columns itemClass="oracle.dbtools.crest.model.design.relational.Column">
<Column name="Numero" id="64B602F7-3610-6A5A-A2AA-C20B2A0C25B3">
<createdBy>rblavec</createdBy>
<createdTime>2017-04-20 12:19:45 UTC</createdTime>
<generatorID>E77128F2-08F4-DDB4-804C-0EE4998AD56C</generatorID>
<ownerDesignName>MCD MCP Projet</ownerDesignName>
<useDomainConstraints>false</useDomainConstraints>
<use>1</use>
<logicalDatatype>LOGDT037</logicalDatatype>
<dataTypeSize>10</dataTypeSize>
<ownDataTypeParameters>10,,</ownDataTypeParameters>
<autoIncrementCycle>false</autoIncrementCycle>
</Column>
<Column name="Millesime" id="9D14F424-BDCC-BF3F-29E0-293A5760EE87">
<createdBy>rblavec</createdBy>
<createdTime>2017-04-20 12:19:45 UTC</createdTime>
<generatorID>BC044C6C-068E-862C-782B-4F446CC1976D</generatorID>
<ownerDesignName>MCD MCP Projet</ownerDesignName>
<useDomainConstraints>false</useDomainConstraints>
<use>1</use>
<logicalDatatype>LOGDT018</logicalDatatype>
<ownDataTypeParameters>,,</ownDataTypeParameters>
<autoIncrementCycle>false</autoIncrementCycle>
</Column>
<Column name="DateOuverture" id="D1F90087-D7AE-2EF1-0EC9-3DFC0C4643A3">
<createdBy>rblavec</createdBy>
<createdTime>2017-04-20 12:19:45 UTC</createdTime>
<generatorID>4FDB0963-AA02-5433-011B-5B9F7616B2B2</generatorID>
<ownerDesignName>MCD MCP Projet</ownerDesignName>
<useDomainConstraints>false</useDomainConstraints>
<use>1</use>
<logicalDatatype>LOGDT007</logicalDatatype>
<ownDataTypeParameters>,,</ownDataTypeParameters>
<autoIncrementCycle>false</autoIncrementCycle>
</Column>
<Column name="DateSortiePrevue" id="082DE286-84B6-B94C-D7E2-549BD7951E48">
<createdBy>rblavec</createdBy>
<createdTime>2017-04-20 12:19:45 UTC</createdTime>
<generatorID>4FFDFBFE-DE3A-1C58-D714-037DE660DC05</generatorID>
<ownerDesignName>MCD MCP Projet</ownerDesignName>
<useDomainConstraints>false</useDomainConstraints>
<use>1</use>
<logicalDatatype>LOGDT007</logicalDatatype>
<ownDataTypeParameters>,,</ownDataTypeParameters>
<autoIncrementCycle>false</autoIncrementCycle>
</Column>
<Column name="DateSortieReelle" id="05E0D388-23E4-8D31-D655-18A060FFFAAF">
<createdBy>rblavec</createdBy>
<createdTime>2017-04-20 12:19:45 UTC</createdTime>
<generatorID>908BEF0D-7D92-CA0A-4372-E93E8ACF5902</generatorID>
<ownerDesignName>MCD MCP Projet</ownerDesignName>
<nullsAllowed>true</nullsAllowed>
<useDomainConstraints>false</useDomainConstraints>
<use>1</use>
<logicalDatatype>LOGDT007</logicalDatatype>
<ownDataTypeParameters>,,</ownDataTypeParameters>
<autoIncrementCycle>false</autoIncrementCycle>
</Column>
<Column name="Logiciel_Code" id="531B58A6-2FB3-B9F6-F9EF-8FAE8F7CD696">
<createdBy>rblavec</createdBy>
<createdTime>2017-04-20 12:19:45 UTC</createdTime>
<generatorID>A3367AFA-05A9-DF24-FA50-6434C8EF2001</generatorID>
<ownerDesignName>MCD MCP Projet</ownerDesignName>
<use>0</use>
<logicalDatatype>LOGDT011</logicalDatatype>
<domain>3247E1A3-098F-3BEE-8206-30FACAB0AF62</domain>
<ownDataTypeParameters>,,</ownDataTypeParameters>
<previousColumn>false</previousColumn>
<autoIncrementCycle>false</autoIncrementCycle>
<associations>
<colAssociation fkAssociation="9F7C5C11-ABB5-5DE1-AE85-4CA8F4B6452A" referredColumn="9A3A1378-4722-BD24-84B3-9A0618B46C50"/>
</associations>
</Column>
</columns>
<indexes itemClass="oracle.dbtools.crest.model.design.relational.Index">
<ind_PK_UK id="767EA83C-9A74-A941-4B9E-E77E6ED3F396" name="Version_PK">
<createdBy>rblavec</createdBy>
<createdTime>2017-04-20 12:19:45 UTC</createdTime>
<generatorID>86751667-ABA8-E08D-BE27-C1C09365402D</generatorID>
<ownerDesignName>MCD MCP Projet</ownerDesignName>
<pk>true</pk>
<indexState>Primary Constraint</indexState>
<isSurrogateKey>false</isSurrogateKey>
<indexColumnUsage>
<colUsage columnID="64B602F7-3610-6A5A-A2AA-C20B2A0C25B3"/>
<colUsage columnID="531B58A6-2FB3-B9F6-F9EF-8FAE8F7CD696"/>
</indexColumnUsage>
</ind_PK_UK>
<ind_PK_UK id="5A8D3DD7-32E2-7464-88C5-423A2CC2EAD0" name="Version_Logiciel_FK">
<createdBy>rblavec</createdBy>
<createdTime>2017-04-20 12:54:40 UTC</createdTime>
<generatorID>EFDC7729-7FC7-39AE-9DE1-82724426A135</generatorID>
<ownerDesignName>MCD MCP Projet</ownerDesignName>
<indexState>Foreign Key</indexState>
<isSurrogateKey>false</isSurrogateKey>
<indexColumnUsage>
<colUsage columnID="531B58A6-2FB3-B9F6-F9EF-8FAE8F7CD696"/>
</indexColumnUsage>
</ind_PK_UK>
</indexes>
</Table>