<?xml version = '1.0' encoding = 'UTF-8'?>
<Table class="oracle.dbtools.crest.model.design.relational.Table" directorySegmentName="seg_0" id="0DF4900D-D546-9756-B927-69E7127DE05D" schemaObject="74E9CDF9-B9AC-AC5A-ED0D-F4638CB7E13B" name="Module">
<createdBy>rblavec</createdBy>
<createdTime>2017-04-20 12:19:45 UTC</createdTime>
<generatorID>9BE5D0C7-344D-6288-2080-7C608D7F067D</generatorID>
<ownerDesignName>MCD MCP Projet</ownerDesignName>
<allowColumnReorder>false</allowColumnReorder>
<existDependencyGenerateInDDl>true</existDependencyGenerateInDDl>
<parsed>true</parsed>
<columns itemClass="oracle.dbtools.crest.model.design.relational.Column">
<Column name="CodeModule" id="E215CE36-7A6A-ADF2-5DE4-FFEE9FE16B82">
<createdBy>rblavec</createdBy>
<createdTime>2017-04-20 12:19:45 UTC</createdTime>
<generatorID>324F121C-D256-461E-006D-8E3DB9301912</generatorID>
<ownerDesignName>MCD MCP Projet</ownerDesignName>
<use>0</use>
<logicalDatatype>LOGDT011</logicalDatatype>
<domain>3247E1A3-098F-3BEE-8206-30FACAB0AF62</domain>
<ownDataTypeParameters>,,</ownDataTypeParameters>
<autoIncrementCycle>false</autoIncrementCycle>
</Column>
<Column name="Libelle" id="02E0F590-57C9-83E8-6E0F-4419A5DC6FD4">
<createdBy>rblavec</createdBy>
<createdTime>2017-04-20 12:19:45 UTC</createdTime>
<generatorID>3851DA62-4F0D-68D7-28BD-1D700712DA22</generatorID>
<ownerDesignName>MCD MCP Projet</ownerDesignName>
<use>0</use>
<logicalDatatype>LOGDT037</logicalDatatype>
<domain>9971EC93-FE01-DA49-FF83-A52133D52999</domain>
<ownDataTypeParameters>,,</ownDataTypeParameters>
<autoIncrementCycle>false</autoIncrementCycle>
</Column>
<Column name="Logiciel_Code" id="B5B563A5-3947-27B6-2F8B-793D2354BF5F">
<createdBy>rblavec</createdBy>
<createdTime>2017-04-20 12:19:45 UTC</createdTime>
<generatorID>589FB3F0-0BE5-1C4B-53E1-F55989B97302</generatorID>
<ownerDesignName>MCD MCP Projet</ownerDesignName>
<use>0</use>
<logicalDatatype>LOGDT011</logicalDatatype>
<domain>3247E1A3-098F-3BEE-8206-30FACAB0AF62</domain>
<ownDataTypeParameters>,,</ownDataTypeParameters>
<previousColumn>false</previousColumn>
<autoIncrementCycle>false</autoIncrementCycle>
<associations>
<colAssociation fkAssociation="C317F856-5EEC-A527-481E-3509F36AC41D" referredColumn="9A3A1378-4722-BD24-84B3-9A0618B46C50"/>
</associations>
</Column>
<Column name="Module_CodeModule" id="4170EB6E-4FC9-5490-B110-89D4E0CD962D">
<createdBy>rblavec</createdBy>
<createdTime>2017-04-20 12:19:45 UTC</createdTime>
<generatorID>30C51BC3-765E-7C5B-120E-2DBF1AAB64E7</generatorID>
<ownerDesignName>MCD MCP Projet</ownerDesignName>
<nullsAllowed>true</nullsAllowed>
<use>0</use>
<logicalDatatype>LOGDT011</logicalDatatype>
<domain>3247E1A3-098F-3BEE-8206-30FACAB0AF62</domain>
<ownDataTypeParameters>,,</ownDataTypeParameters>
<previousColumn>false</previousColumn>
<autoIncrementCycle>false</autoIncrementCycle>
<associations>
<colAssociation fkAssociation="8518EB4E-DFBE-761F-950C-14D6B2661B24" referredColumn="E215CE36-7A6A-ADF2-5DE4-FFEE9FE16B82"/>
</associations>
</Column>
</columns>
<indexes itemClass="oracle.dbtools.crest.model.design.relational.Index">
<ind_PK_UK id="2C004E9D-1081-1256-6610-1DA794D5A22E" name="Module_PK">
<createdBy>rblavec</createdBy>
<createdTime>2017-04-20 12:19:45 UTC</createdTime>
<generatorID>95B3EA73-F92C-FDB8-E714-A5296AC87A15</generatorID>
<ownerDesignName>MCD MCP Projet</ownerDesignName>
<pk>true</pk>
<indexState>Primary Constraint</indexState>
<isSurrogateKey>false</isSurrogateKey>
<indexColumnUsage>
<colUsage columnID="E215CE36-7A6A-ADF2-5DE4-FFEE9FE16B82"/>
</indexColumnUsage>
</ind_PK_UK>
<ind_PK_UK id="EAC1FB76-F714-0F63-85ED-8D37DA362BE3" name="Module_Module_FK">
<createdBy>rblavec</createdBy>
<createdTime>2017-04-20 12:19:45 UTC</createdTime>
<generatorID>D68C4589-355A-F2FA-6B74-534771067ABE</generatorID>
<ownerDesignName>MCD MCP Projet</ownerDesignName>
<indexState>Foreign Key</indexState>
<isSurrogateKey>false</isSurrogateKey>
<indexColumnUsage>
<colUsage columnID="4170EB6E-4FC9-5490-B110-89D4E0CD962D"/>
</indexColumnUsage>
</ind_PK_UK>
<ind_PK_UK id="36AF56C3-E3FF-7731-1C16-8A2BA66CCEAD" name="Module_Logiciel_FK">
<createdBy>rblavec</createdBy>
<createdTime>2017-04-20 12:54:40 UTC</createdTime>
<generatorID>51D6F858-CD07-D7A6-85A9-2780E28B1D18</generatorID>
<ownerDesignName>MCD MCP Projet</ownerDesignName>
<indexState>Foreign Key</indexState>
<isSurrogateKey>false</isSurrogateKey>
<indexColumnUsage>
<colUsage columnID="B5B563A5-3947-27B6-2F8B-793D2354BF5F"/>
</indexColumnUsage>
</ind_PK_UK>
</indexes>
</Table>