<?xml version = '1.0' encoding = 'UTF-8'?>
<Table class="oracle.dbtools.crest.model.design.relational.Table" directorySegmentName="seg_0" id="1F206BEF-61F0-73C9-2AA7-C47D201F4A46" name="TacheAnnexe">
<createdBy>rblavec</createdBy>
<createdTime>2017-04-20 14:29:56 UTC</createdTime>
<generatorID>FD4DEF72-D736-9B66-8F8D-91ECFF48086D</generatorID>
<ownerDesignName>MCD MCP Projet</ownerDesignName>
<allowColumnReorder>false</allowColumnReorder>
<existDependencyGenerateInDDl>true</existDependencyGenerateInDDl>
<parsed>true</parsed>
<columns itemClass="oracle.dbtools.crest.model.design.relational.Column">
<Column name="NumeroTache" id="8C9CE00C-C650-BC84-0794-A85E8CDAABC1">
<createdBy>rblavec</createdBy>
<createdTime>2017-04-20 14:29:56 UTC</createdTime>
<generatorID>13B87C75-BB47-C4EE-D87B-06008A71CB14</generatorID>
<ownerDesignName>MCD MCP Projet</ownerDesignName>
<use>0</use>
<logicalDatatype>LOGDT011</logicalDatatype>
<domain>3247E1A3-098F-3BEE-8206-30FACAB0AF62</domain>
<ownDataTypeParameters>,,</ownDataTypeParameters>
<autoIncrementCycle>false</autoIncrementCycle>
<associations>
<colAssociation fkAssociation="DE952044-963B-9ECF-5F7B-32BDDDF30ACE" referredColumn="B834FC42-99CD-FC1E-371B-946848753768"/>
</associations>
</Column>
</columns>
<indexes itemClass="oracle.dbtools.crest.model.design.relational.Index">
<ind_PK_UK id="621120F4-2BA7-3D90-665B-533962C869EE" name="TacheAnnexe_PK">
<createdBy>rblavec</createdBy>
<createdTime>2017-04-20 14:29:56 UTC</createdTime>
<generatorID>55ADA2B6-C361-801B-B0E4-424A60B8A2F6</generatorID>
<ownerDesignName>MCD MCP Projet</ownerDesignName>
<pk>true</pk>
<indexState>Primary Constraint</indexState>
<isSurrogateKey>false</isSurrogateKey>
<indexColumnUsage>
<colUsage columnID="8C9CE00C-C650-BC84-0794-A85E8CDAABC1"/>
</indexColumnUsage>
</ind_PK_UK>
<ind_PK_UK id="37523095-14EF-174A-99CF-F23D42E1BD31" name="TacheAnnexe_Tache_FK">
<createdBy>rblavec</createdBy>
<createdTime>2017-04-20 14:29:56 UTC</createdTime>
<generatorID>9AC2FFE5-1FDC-A3F9-0AC1-8714EE692DD5</generatorID>
<ownerDesignName>MCD MCP Projet</ownerDesignName>
<indexState>Foreign Key</indexState>
<isSurrogateKey>false</isSurrogateKey>
<indexColumnUsage>
<colUsage columnID="8C9CE00C-C650-BC84-0794-A85E8CDAABC1"/>
</indexColumnUsage>
</ind_PK_UK>
</indexes>
</Table>