<?xml version = '1.0' encoding = 'UTF-8'?>
<Table class="oracle.dbtools.crest.model.design.relational.Table" directorySegmentName="seg_0" id="20C2CDC2-322A-6995-B50E-F3487C39DA8A" schemaObject="74E9CDF9-B9AC-AC5A-ED0D-F4638CB7E13B" name="Release">
<createdBy>rblavec</createdBy>
<createdTime>2017-04-20 12:19:45 UTC</createdTime>
<generatorID>253DAC45-6476-B3B2-55D1-C48EE6769733</generatorID>
<ownerDesignName>MCD MCP Projet</ownerDesignName>
<allowColumnReorder>false</allowColumnReorder>
<existDependencyGenerateInDDl>true</existDependencyGenerateInDDl>
<parsed>true</parsed>
<columns itemClass="oracle.dbtools.crest.model.design.relational.Column">
<Column name="IdRelease" id="BC59E6B6-743A-2F25-934D-4D033A7BAE71">
<createdBy>rblavec</createdBy>
<createdTime>2017-04-20 12:19:45 UTC</createdTime>
<generatorID>CBB1BEDA-9303-A8AE-326E-8D44F9E3DBC8</generatorID>
<ownerDesignName>MCD MCP Projet</ownerDesignName>
<useDomainConstraints>false</useDomainConstraints>
<use>1</use>
<logicalDatatype>LOGDT018</logicalDatatype>
<ownDataTypeParameters>,,</ownDataTypeParameters>
<autoIncrementColumn>true</autoIncrementColumn>
<identityColumn>true</identityColumn>
<autoIncrementCycle>false</autoIncrementCycle>
<listOfRanges>
<rangeDef class="oracle.dbtools.crest.model.design.constraint.AVT">
<beginValue>1</beginValue>
<endValue>999</endValue>
<description> Identifiant release</description>
</rangeDef>
</listOfRanges>
</Column>
<Column name="DateCreation" id="8C93E7D8-062B-8F8F-4DA2-33D6F7FD565B">
<createdBy>rblavec</createdBy>
<createdTime>2017-04-20 12:19:45 UTC</createdTime>
<generatorID>1A4BE773-A814-AA2D-4060-4FD2ED9B8F2D</generatorID>
<ownerDesignName>MCD MCP Projet</ownerDesignName>
<useDomainConstraints>false</useDomainConstraints>
<use>1</use>
<logicalDatatype>LOGDT007</logicalDatatype>
<ownDataTypeParameters>,,</ownDataTypeParameters>
<autoIncrementCycle>false</autoIncrementCycle>
</Column>
<Column name="Version_Numero" id="676A6594-378C-127C-572E-C1ADCB95D578">
<createdBy>rblavec</createdBy>
<createdTime>2017-04-20 12:19:45 UTC</createdTime>
<generatorID>31D83EAC-473A-CC6D-0A04-7352A864419E</generatorID>
<ownerDesignName>MCD MCP Projet</ownerDesignName>
<useDomainConstraints>false</useDomainConstraints>
<use>1</use>
<logicalDatatype>LOGDT037</logicalDatatype>
<dataTypeSize>10</dataTypeSize>
<ownDataTypeParameters>10,,</ownDataTypeParameters>
<previousColumn>false</previousColumn>
<autoIncrementCycle>false</autoIncrementCycle>
<associations>
<colAssociation fkAssociation="5ED90719-0753-BDCD-D679-9F69CA6C30E9" referredColumn="64B602F7-3610-6A5A-A2AA-C20B2A0C25B3"/>
</associations>
</Column>
<Column name="Version_Logiciel_Code" id="233E0E83-C897-AD60-CC12-10CA0BC3A23F">
<createdBy>rblavec</createdBy>
<createdTime>2017-04-21 06:32:20 UTC</createdTime>
<ownerDesignName>MCD MCP Projet</ownerDesignName>
<use>0</use>
<logicalDatatype>LOGDT011</logicalDatatype>
<domain>3247E1A3-098F-3BEE-8206-30FACAB0AF62</domain>
<ownDataTypeParameters>,,</ownDataTypeParameters>
<previousColumn>false</previousColumn>
<autoIncrementCycle>false</autoIncrementCycle>
<associations>
<colAssociation fkAssociation="5ED90719-0753-BDCD-D679-9F69CA6C30E9" referredColumn="531B58A6-2FB3-B9F6-F9EF-8FAE8F7CD696"/>
</associations>
</Column>
</columns>
<indexes itemClass="oracle.dbtools.crest.model.design.relational.Index">
<ind_PK_UK id="E030EF65-3458-AAB6-451A-AC950E8CA8E9" name="Release_PK">
<createdBy>rblavec</createdBy>
<createdTime>2017-04-20 12:19:45 UTC</createdTime>
<generatorID>F4029A92-9634-275D-0173-68F9E70243EE</generatorID>
<ownerDesignName>MCD MCP Projet</ownerDesignName>
<pk>true</pk>
<indexState>Primary Constraint</indexState>
<isSurrogateKey>false</isSurrogateKey>
<indexColumnUsage>
<colUsage columnID="BC59E6B6-743A-2F25-934D-4D033A7BAE71"/>
</indexColumnUsage>
</ind_PK_UK>
<ind_PK_UK id="DCE563F3-8632-D03B-3678-89287DC1DB45" name="Release_Version_FK">
<createdBy>rblavec</createdBy>
<createdTime>2017-04-20 12:19:45 UTC</createdTime>
<generatorID>DAD8B9A7-5AB9-5DAC-A311-09A516628844</generatorID>
<ownerDesignName>MCD MCP Projet</ownerDesignName>
<indexState>Foreign Key</indexState>
<isSurrogateKey>false</isSurrogateKey>
<indexColumnUsage>
<colUsage columnID="676A6594-378C-127C-572E-C1ADCB95D578"/>
<colUsage columnID="233E0E83-C897-AD60-CC12-10CA0BC3A23F"/>
</indexColumnUsage>
</ind_PK_UK>
</indexes>
</Table>