<?xml version = '1.0' encoding = 'UTF-8'?>
<Table class="oracle.dbtools.crest.model.design.relational.Table" directorySegmentName="seg_0" id="374B9669-41E3-202E-1693-DDDE2DF8B468" schemaObject="74E9CDF9-B9AC-AC5A-ED0D-F4638CB7E13B" name="Salarie">
<createdBy>rblavec</createdBy>
<createdTime>2017-04-20 12:19:45 UTC</createdTime>
<generatorID>F9FF0C9B-10FF-1EE5-4D84-1979B123D4D8</generatorID>
<ownerDesignName>MCD MCP Projet</ownerDesignName>
<allowColumnReorder>false</allowColumnReorder>
<existDependencyGenerateInDDl>true</existDependencyGenerateInDDl>
<parsed>true</parsed>
<columns itemClass="oracle.dbtools.crest.model.design.relational.Column">
<Column name="Login" id="7D223241-4A0B-7E68-1E52-6CDC5A5D4A9E">
<createdBy>rblavec</createdBy>
<createdTime>2017-04-20 12:19:45 UTC</createdTime>
<generatorID>A454651E-0115-C7E7-931F-918FD4260008</generatorID>
<ownerDesignName>MCD MCP Projet</ownerDesignName>
<useDomainConstraints>false</useDomainConstraints>
<use>1</use>
<logicalDatatype>LOGDT037</logicalDatatype>
<dataTypeSize>10</dataTypeSize>
<ownDataTypeParameters>10,,</ownDataTypeParameters>
<autoIncrementCycle>false</autoIncrementCycle>
</Column>
<Column name="Equipe_IdEquipe" id="BB75D41B-C716-1333-AEF9-BD87001462C6">
<createdBy>rblavec</createdBy>
<createdTime>2017-04-20 12:19:45 UTC</createdTime>
<generatorID>30DEF1B4-C375-5E52-337D-99C4F1BEEB57</generatorID>
<ownerDesignName>MCD MCP Projet</ownerDesignName>
<use>0</use>
<logicalDatatype>LOGDT011</logicalDatatype>
<domain>3247E1A3-098F-3BEE-8206-30FACAB0AF62</domain>
<ownDataTypeParameters>,,</ownDataTypeParameters>
<previousColumn>false</previousColumn>
<autoIncrementCycle>false</autoIncrementCycle>
<associations>
<colAssociation fkAssociation="2AD46F21-1AB1-92B7-9B9D-F3229F51E766" referredColumn="9EC61D29-B7F3-F5EF-DCD5-E0EB3324B91C"/>
</associations>
</Column>
<Column name="Salarie_Login" id="B9F8334F-0FB0-8DE8-0F33-7895025C3A57">
<createdBy>rblavec</createdBy>
<createdTime>2017-04-20 12:19:45 UTC</createdTime>
<generatorID>4B01462F-F7D8-8194-26EF-092768350ABA</generatorID>
<ownerDesignName>MCD MCP Projet</ownerDesignName>
<nullsAllowed>true</nullsAllowed>
<useDomainConstraints>false</useDomainConstraints>
<use>1</use>
<logicalDatatype>LOGDT037</logicalDatatype>
<dataTypeSize>10</dataTypeSize>
<ownDataTypeParameters>,,</ownDataTypeParameters>
<previousColumn>false</previousColumn>
<autoIncrementCycle>false</autoIncrementCycle>
<associations>
<colAssociation fkAssociation="E5400773-43B9-6E05-3AE2-3C1151B850F2" referredColumn="7D223241-4A0B-7E68-1E52-6CDC5A5D4A9E"/>
</associations>
</Column>
<Column name="Metier_IdMetier" id="D3B87195-6CA1-8181-19B9-7DD96236625D">
<createdBy>rblavec</createdBy>
<createdTime>2017-04-20 12:19:45 UTC</createdTime>
<generatorID>84C62F4B-A6DA-1255-2D46-BAD283F4A05A</generatorID>
<ownerDesignName>MCD MCP Projet</ownerDesignName>
<use>0</use>
<logicalDatatype>LOGDT011</logicalDatatype>
<domain>3247E1A3-098F-3BEE-8206-30FACAB0AF62</domain>
<ownDataTypeParameters>,,</ownDataTypeParameters>
<previousColumn>false</previousColumn>
<autoIncrementCycle>false</autoIncrementCycle>
<associations>
<colAssociation fkAssociation="6D078197-7BCE-C139-72D8-319D7961ED4B" referredColumn="B6A326E4-FA78-8C6D-6AC3-06AB27D00F8E"/>
</associations>
</Column>
<Column name="NomSalarie" id="9EFB9D9A-1267-547C-97C5-46FD44334277">
<createdBy>rblavec</createdBy>
<createdTime>2017-04-20 12:19:45 UTC</createdTime>
<generatorID>B54148D5-F1EF-98C9-542F-CE459AF52272</generatorID>
<ownerDesignName>MCD MCP Projet</ownerDesignName>
<nullsAllowed>true</nullsAllowed>
<use>0</use>
<logicalDatatype>LOGDT037</logicalDatatype>
<domain>44231A1D-DF52-9364-362F-C264361631CA</domain>
<ownDataTypeParameters>,,</ownDataTypeParameters>
<autoIncrementCycle>false</autoIncrementCycle>
</Column>
<Column name="PrenomSalarie" id="F0868F57-047D-D1E4-2E0A-701B573AF927">
<createdBy>rblavec</createdBy>
<createdTime>2017-04-20 12:19:45 UTC</createdTime>
<generatorID>8879253C-0ACF-3C61-4678-0BD1065B0DDF</generatorID>
<ownerDesignName>MCD MCP Projet</ownerDesignName>
<nullsAllowed>true</nullsAllowed>
<use>0</use>
<logicalDatatype>LOGDT037</logicalDatatype>
<domain>44231A1D-DF52-9364-362F-C264361631CA</domain>
<ownDataTypeParameters>,,</ownDataTypeParameters>
<autoIncrementCycle>false</autoIncrementCycle>
</Column>
</columns>
<indexes itemClass="oracle.dbtools.crest.model.design.relational.Index">
<ind_PK_UK id="31AA1350-122A-8091-560A-2CACD792CEC8" name="Salarie_PK">
<createdBy>rblavec</createdBy>
<createdTime>2017-04-20 12:19:45 UTC</createdTime>
<generatorID>9C71B6AE-854C-507A-B8BC-5152E604981E</generatorID>
<ownerDesignName>MCD MCP Projet</ownerDesignName>
<pk>true</pk>
<indexState>Primary Constraint</indexState>
<isSurrogateKey>false</isSurrogateKey>
<indexColumnUsage>
<colUsage columnID="7D223241-4A0B-7E68-1E52-6CDC5A5D4A9E"/>
</indexColumnUsage>
</ind_PK_UK>
<ind_PK_UK id="4D7714B5-ACDE-E41F-F8DB-6C7CBC220866" name="Salarie_Metier_FK">
<createdBy>rblavec</createdBy>
<createdTime>2017-04-20 12:19:45 UTC</createdTime>
<generatorID>E79B70E3-94B2-75F1-1340-5FBBBF3CE68E</generatorID>
<ownerDesignName>MCD MCP Projet</ownerDesignName>
<indexState>Foreign Key</indexState>
<isSurrogateKey>false</isSurrogateKey>
<indexColumnUsage>
<colUsage columnID="D3B87195-6CA1-8181-19B9-7DD96236625D"/>
</indexColumnUsage>
</ind_PK_UK>
<ind_PK_UK id="3641A582-7C10-9B2C-B2F6-D67F4E30268A" name="Salarie_Equipe_FK">
<createdBy>rblavec</createdBy>
<createdTime>2017-04-20 12:19:45 UTC</createdTime>
<generatorID>E1BABC0E-6C93-ED4E-0F0C-CEA76C385BAB</generatorID>
<ownerDesignName>MCD MCP Projet</ownerDesignName>
<indexState>Foreign Key</indexState>
<isSurrogateKey>false</isSurrogateKey>
<indexColumnUsage>
<colUsage columnID="BB75D41B-C716-1333-AEF9-BD87001462C6"/>
</indexColumnUsage>
</ind_PK_UK>
<ind_PK_UK id="FF9383AA-E5DB-2D72-F446-5F98909EA9DF" name="Salarie_Salarie_FK">
<createdBy>rblavec</createdBy>
<createdTime>2017-04-20 12:19:45 UTC</createdTime>
<generatorID>B35BD9C1-F7BF-C819-4E6B-691F2704C66B</generatorID>
<ownerDesignName>MCD MCP Projet</ownerDesignName>
<indexState>Foreign Key</indexState>
<isSurrogateKey>false</isSurrogateKey>
<indexColumnUsage>
<colUsage columnID="B9F8334F-0FB0-8DE8-0F33-7895025C3A57"/>
</indexColumnUsage>
</ind_PK_UK>
</indexes>
</Table>