<?xml version = '1.0' encoding = 'UTF-8'?>
<Table class="oracle.dbtools.crest.model.design.relational.Table" directorySegmentName="seg_0" id="593E81D5-2553-EA0E-006D-C438C1B4BD59" name="TacheProduction">
<createdBy>rblavec</createdBy>
<createdTime>2017-04-20 13:25:18 UTC</createdTime>
<generatorID>F001F386-A802-D1DF-9425-F05B2615CD49</generatorID>
<ownerDesignName>MCD MCP Projet</ownerDesignName>
<allowColumnReorder>false</allowColumnReorder>
<existDependencyGenerateInDDl>true</existDependencyGenerateInDDl>
<parsed>true</parsed>
<columns itemClass="oracle.dbtools.crest.model.design.relational.Column">
<Column name="NumeroTache" id="2CF87F50-300C-9314-6C6D-D63DF000229A">
<createdBy>rblavec</createdBy>
<createdTime>2017-04-20 13:25:18 UTC</createdTime>
<generatorID>13B87C75-BB47-C4EE-D87B-06008A71CB14</generatorID>
<ownerDesignName>MCD MCP Projet</ownerDesignName>
<use>0</use>
<logicalDatatype>LOGDT011</logicalDatatype>
<domain>3247E1A3-098F-3BEE-8206-30FACAB0AF62</domain>
<ownDataTypeParameters>,,</ownDataTypeParameters>
<autoIncrementCycle>false</autoIncrementCycle>
<associations>
<colAssociation fkAssociation="E26D8A3A-C95F-1204-003B-A2E105E2D7F5" referredColumn="B834FC42-99CD-FC1E-371B-946848753768"/>
</associations>
</Column>
<Column name="DureeInitialePrevueEnJour" id="B07665E3-5C64-175F-5151-9D0745824C22">
<createdBy>rblavec</createdBy>
<createdTime>2017-04-20 13:25:18 UTC</createdTime>
<generatorID>0469A121-4C73-C78B-5694-3DB97BAAD048</generatorID>
<ownerDesignName>MCD MCP Projet</ownerDesignName>
<useDomainConstraints>false</useDomainConstraints>
<use>1</use>
<logicalDatatype>LOGDT011</logicalDatatype>
<ownDataTypeParameters>,,</ownDataTypeParameters>
<autoIncrementCycle>false</autoIncrementCycle>
</Column>
</columns>
<indexes itemClass="oracle.dbtools.crest.model.design.relational.Index">
<ind_PK_UK id="AD5D8AA8-160B-BBEC-E4B3-041997A0E52F" name="TacheProduction_PK">
<createdBy>rblavec</createdBy>
<createdTime>2017-04-20 13:25:18 UTC</createdTime>
<generatorID>55ADA2B6-C361-801B-B0E4-424A60B8A2F6</generatorID>
<ownerDesignName>MCD MCP Projet</ownerDesignName>
<pk>true</pk>
<indexState>Primary Constraint</indexState>
<isSurrogateKey>false</isSurrogateKey>
<indexColumnUsage>
<colUsage columnID="2CF87F50-300C-9314-6C6D-D63DF000229A"/>
</indexColumnUsage>
</ind_PK_UK>
<ind_PK_UK id="C9E386C9-97BE-F346-C7F7-F08099DF7767" name="TacheProduction_Tache_FK">
<createdBy>rblavec</createdBy>
<createdTime>2017-04-20 13:25:18 UTC</createdTime>
<generatorID>8063E2EC-6C2A-B140-6095-A5B71F3F02F6</generatorID>
<ownerDesignName>MCD MCP Projet</ownerDesignName>
<indexState>Foreign Key</indexState>
<isSurrogateKey>false</isSurrogateKey>
<indexColumnUsage>
<colUsage columnID="2CF87F50-300C-9314-6C6D-D63DF000229A"/>
</indexColumnUsage>
</ind_PK_UK>
</indexes>
</Table>