<?xml version = '1.0' encoding = 'UTF-8'?>
<Table class="oracle.dbtools.crest.model.design.relational.Table" directorySegmentName="seg_0" id="5BAB5D70-1FE3-C724-5A36-AA623B15FAE5" schemaObject="74E9CDF9-B9AC-AC5A-ED0D-F4638CB7E13B" name="ActiviteMetier">
<createdBy>rblavec</createdBy>
<createdTime>2017-04-20 12:19:45 UTC</createdTime>
<ownerDesignName>MCD MCP Projet</ownerDesignName>
<allowColumnReorder>false</allowColumnReorder>
<existDependencyGenerateInDDl>true</existDependencyGenerateInDDl>
<parsed>true</parsed>
<columns itemClass="oracle.dbtools.crest.model.design.relational.Column">
<Column name="Metier_IdMetier" id="8C8D0F7C-F569-FFFF-5C1E-6DBFB0BB5769">
<createdBy>rblavec</createdBy>
<createdTime>2017-04-20 12:19:45 UTC</createdTime>
<ownerDesignName>MCD MCP Projet</ownerDesignName>
<use>0</use>
<logicalDatatype>LOGDT011</logicalDatatype>
<domain>3247E1A3-098F-3BEE-8206-30FACAB0AF62</domain>
<ownDataTypeParameters>,,</ownDataTypeParameters>
<previousColumn>false</previousColumn>
<autoIncrementCycle>false</autoIncrementCycle>
<associations>
<colAssociation fkAssociation="FA2B3BEA-4107-36CD-5119-DCB2393FA74B" referredColumn="B6A326E4-FA78-8C6D-6AC3-06AB27D00F8E"/>
</associations>
</Column>
<Column name="Activite_IdAcitvite" id="400FC7D4-1645-3ED9-3057-F1C9459ECF1B">
<createdBy>rblavec</createdBy>
<createdTime>2017-04-20 12:19:45 UTC</createdTime>
<ownerDesignName>MCD MCP Projet</ownerDesignName>
<use>0</use>
<logicalDatatype>LOGDT011</logicalDatatype>
<domain>3247E1A3-098F-3BEE-8206-30FACAB0AF62</domain>
<ownDataTypeParameters>,,</ownDataTypeParameters>
<previousColumn>false</previousColumn>
<autoIncrementCycle>false</autoIncrementCycle>
<associations>
<colAssociation fkAssociation="98827221-BA01-7538-6BEA-A2EB375595EA" referredColumn="DB7BB3BF-8DB4-909B-2CA0-6C03A417BF8A"/>
</associations>
</Column>
</columns>
<indexes itemClass="oracle.dbtools.crest.model.design.relational.Index">
<ind_PK_UK id="3FEAB0EF-799A-8C63-5509-3118BBE914CA" name="ActiviteMetier_PK">
<createdBy>rblavec</createdBy>
<createdTime>2017-04-20 12:19:45 UTC</createdTime>
<ownerDesignName>MCD MCP Projet</ownerDesignName>
<pk>true</pk>
<indexState>Primary Constraint</indexState>
<isSurrogateKey>false</isSurrogateKey>
<indexColumnUsage>
<colUsage columnID="8C8D0F7C-F569-FFFF-5C1E-6DBFB0BB5769"/>
<colUsage columnID="400FC7D4-1645-3ED9-3057-F1C9459ECF1B"/>
</indexColumnUsage>
</ind_PK_UK>
<ind_PK_UK id="10905E42-F741-20EF-EFBA-9A04A66DC992" name="FK_ASS_45">
<createdBy>rblavec</createdBy>
<createdTime>2017-04-20 12:19:45 UTC</createdTime>
<generatorID>EDD0DDF8-4F6A-05EA-203C-88E8743E0B85</generatorID>
<ownerDesignName>MCD MCP Projet</ownerDesignName>
<indexState>Foreign Key</indexState>
<isSurrogateKey>false</isSurrogateKey>
<indexColumnUsage>
<colUsage columnID="8C8D0F7C-F569-FFFF-5C1E-6DBFB0BB5769"/>
</indexColumnUsage>
</ind_PK_UK>
<ind_PK_UK id="1A3730CA-DEBA-4C37-75CE-9C07246761AC" name="FK_ASS_46">
<createdBy>rblavec</createdBy>
<createdTime>2017-04-20 12:19:45 UTC</createdTime>
<generatorID>EDD0DDF8-4F6A-05EA-203C-88E8743E0B85</generatorID>
<ownerDesignName>MCD MCP Projet</ownerDesignName>
<indexState>Foreign Key</indexState>
<isSurrogateKey>false</isSurrogateKey>
<indexColumnUsage>
<colUsage columnID="400FC7D4-1645-3ED9-3057-F1C9459ECF1B"/>
</indexColumnUsage>
</ind_PK_UK>
</indexes>
</Table>