<?xml version = '1.0' encoding = 'UTF-8'?>
<Table class="oracle.dbtools.crest.model.design.relational.Table" directorySegmentName="seg_0" id="82C15A6F-9261-E0B8-9E32-B13676E5C1D7" name="HistoriqueTache">
<createdBy>rblavec</createdBy>
<createdTime>2017-04-20 13:39:40 UTC</createdTime>
<generatorID>0295E034-2F11-881B-12AF-486087FACECD</generatorID>
<ownerDesignName>MCD MCP Projet</ownerDesignName>
<allowColumnReorder>false</allowColumnReorder>
<existDependencyGenerateInDDl>true</existDependencyGenerateInDDl>
<parsed>true</parsed>
<columns itemClass="oracle.dbtools.crest.model.design.relational.Column">
<Column name="IdHistTache" id="16DC7EA4-236F-AB7A-2540-2387AC615D51">
<createdBy>rblavec</createdBy>
<createdTime>2017-04-20 13:39:40 UTC</createdTime>
<generatorID>9C4DBACE-A111-79B8-FB46-8CFE54DDD317</generatorID>
<ownerDesignName>MCD MCP Projet</ownerDesignName>
<use>0</use>
<logicalDatatype>LOGDT011</logicalDatatype>
<domain>3247E1A3-098F-3BEE-8206-30FACAB0AF62</domain>
<ownDataTypeParameters>,,</ownDataTypeParameters>
<autoIncrementCycle>false</autoIncrementCycle>
</Column>
<Column name="DateDuJour" id="82A9B61D-97C6-7647-605B-6613BAB47E42">
<createdBy>rblavec</createdBy>
<createdTime>2017-04-20 13:39:40 UTC</createdTime>
<generatorID>FEF95A82-766B-7498-8438-81B1E57EF811</generatorID>
<ownerDesignName>MCD MCP Projet</ownerDesignName>
<useDomainConstraints>false</useDomainConstraints>
<use>1</use>
<logicalDatatype>LOGDT007</logicalDatatype>
<ownDataTypeParameters>,,</ownDataTypeParameters>
<autoIncrementCycle>false</autoIncrementCycle>
</Column>
<Column name="NbrHeuresParJour" id="B1C6CE7C-2694-D8D4-C4C1-2BCFA856FC13">
<createdBy>rblavec</createdBy>
<createdTime>2017-04-20 13:39:40 UTC</createdTime>
<generatorID>1A2087FD-4D2E-CEE2-FED8-0D9D0644BE73</generatorID>
<ownerDesignName>MCD MCP Projet</ownerDesignName>
<useDomainConstraints>false</useDomainConstraints>
<use>1</use>
<logicalDatatype>LOGDT011</logicalDatatype>
<ownDataTypeParameters>,,</ownDataTypeParameters>
<autoIncrementCycle>false</autoIncrementCycle>
</Column>
<Column name="TauxProductivite" id="ACA199B2-7925-23BD-3A55-EB0F8867EE82">
<createdBy>rblavec</createdBy>
<createdTime>2017-04-20 13:39:40 UTC</createdTime>
<generatorID>3CEA06F5-43D5-50F5-63EE-BDF506C25A0D</generatorID>
<ownerDesignName>MCD MCP Projet</ownerDesignName>
<useDomainConstraints>false</useDomainConstraints>
<use>1</use>
<logicalDatatype>LOGDT022</logicalDatatype>
<ownDataTypeParameters>,,</ownDataTypeParameters>
<autoIncrementCycle>false</autoIncrementCycle>
</Column>
<Column name="Salarie_Login" id="A9673F0D-026A-CB40-B0ED-BE1C9F7FF2B2">
<createdBy>rblavec</createdBy>
<createdTime>2017-04-20 13:39:40 UTC</createdTime>
<generatorID>54AC48D6-B9A6-DA81-8CC4-2962462A0D2D</generatorID>
<ownerDesignName>MCD MCP Projet</ownerDesignName>
<useDomainConstraints>false</useDomainConstraints>
<use>1</use>
<logicalDatatype>LOGDT037</logicalDatatype>
<dataTypeSize>10</dataTypeSize>
<ownDataTypeParameters>10,,</ownDataTypeParameters>
<previousColumn>false</previousColumn>
<autoIncrementCycle>false</autoIncrementCycle>
<associations>
<colAssociation fkAssociation="20B63E1E-5B0E-3994-4790-3FD6D1EC74ED" referredColumn="7D223241-4A0B-7E68-1E52-6CDC5A5D4A9E"/>
</associations>
</Column>
<Column name="Tache_NumeroTache" id="D5427807-7633-469E-B8A7-7A31C3741CCD">
<createdBy>rblavec</createdBy>
<createdTime>2017-04-20 13:39:40 UTC</createdTime>
<generatorID>5D96C19D-C0DF-1D57-6074-1F96AD1B8E05</generatorID>
<ownerDesignName>MCD MCP Projet</ownerDesignName>
<use>0</use>
<logicalDatatype>LOGDT011</logicalDatatype>
<domain>3247E1A3-098F-3BEE-8206-30FACAB0AF62</domain>
<ownDataTypeParameters>,,</ownDataTypeParameters>
<previousColumn>false</previousColumn>
<autoIncrementCycle>false</autoIncrementCycle>
<associations>
<colAssociation fkAssociation="1F9CFA33-FAFF-F1C7-6685-7F10DCFF69E6" referredColumn="B834FC42-99CD-FC1E-371B-946848753768"/>
</associations>
</Column>
<Column name="Activite_IdAcitvite" id="5ECB4288-1F18-DD5E-036F-51804771C850">
<createdBy>rblavec</createdBy>
<createdTime>2017-04-20 13:39:40 UTC</createdTime>
<generatorID>62C1BCFB-12D3-07BA-B3C4-64F00B30A2B2</generatorID>
<ownerDesignName>MCD MCP Projet</ownerDesignName>
<use>0</use>
<logicalDatatype>LOGDT011</logicalDatatype>
<domain>3247E1A3-098F-3BEE-8206-30FACAB0AF62</domain>
<ownDataTypeParameters>,,</ownDataTypeParameters>
<previousColumn>false</previousColumn>
<autoIncrementCycle>false</autoIncrementCycle>
<associations>
<colAssociation fkAssociation="1A0B9BB1-E471-69A0-58EE-2893FFED4E5B" referredColumn="DB7BB3BF-8DB4-909B-2CA0-6C03A417BF8A"/>
</associations>
</Column>
<Column name="Module_CodeModule" id="8973325A-78AE-77BB-EB5E-3CA68C7860B6">
<createdBy>rblavec</createdBy>
<createdTime>2017-04-20 13:39:40 UTC</createdTime>
<generatorID>D4CAFD27-0625-906C-3247-01FE1484FE68</generatorID>
<ownerDesignName>MCD MCP Projet</ownerDesignName>
<use>0</use>
<logicalDatatype>LOGDT011</logicalDatatype>
<domain>3247E1A3-098F-3BEE-8206-30FACAB0AF62</domain>
<ownDataTypeParameters>,,</ownDataTypeParameters>
<previousColumn>false</previousColumn>
<autoIncrementCycle>false</autoIncrementCycle>
<associations>
<colAssociation fkAssociation="656B5D9D-9835-47B4-41EE-0FBC7243FF9D" referredColumn="E215CE36-7A6A-ADF2-5DE4-FFEE9FE16B82"/>
</associations>
</Column>
<Column name="Version_Numero" id="14ADDADC-03E4-6E2C-86AB-B2F619EF5FB0">
<createdBy>rblavec</createdBy>
<createdTime>2017-04-20 13:39:40 UTC</createdTime>
<generatorID>86F8258E-F273-F864-81D6-65AE96379DEC</generatorID>
<ownerDesignName>MCD MCP Projet</ownerDesignName>
<useDomainConstraints>false</useDomainConstraints>
<use>1</use>
<logicalDatatype>LOGDT037</logicalDatatype>
<dataTypeSize>10</dataTypeSize>
<ownDataTypeParameters>10,,</ownDataTypeParameters>
<previousColumn>false</previousColumn>
<autoIncrementCycle>false</autoIncrementCycle>
<associations>
<colAssociation fkAssociation="2A8101BA-22B7-CD1C-EA09-EE3BCCF0036D" referredColumn="64B602F7-3610-6A5A-A2AA-C20B2A0C25B3"/>
</associations>
</Column>
<Column name="Version_Logiciel_Code" id="CE1780D9-97DB-025F-CCB4-FD9C8B9BB3E1">
<createdBy>rblavec</createdBy>
<createdTime>2017-04-21 06:32:20 UTC</createdTime>
<ownerDesignName>MCD MCP Projet</ownerDesignName>
<use>0</use>
<logicalDatatype>LOGDT011</logicalDatatype>
<domain>3247E1A3-098F-3BEE-8206-30FACAB0AF62</domain>
<ownDataTypeParameters>,,</ownDataTypeParameters>
<previousColumn>false</previousColumn>
<autoIncrementCycle>false</autoIncrementCycle>
<associations>
<colAssociation fkAssociation="2A8101BA-22B7-CD1C-EA09-EE3BCCF0036D" referredColumn="531B58A6-2FB3-B9F6-F9EF-8FAE8F7CD696"/>
</associations>
</Column>
</columns>
<indexes itemClass="oracle.dbtools.crest.model.design.relational.Index">
<ind_PK_UK id="FEE01EB5-663A-0CE4-C785-793B86EE28DA" name="HistoriqueTache_PK">
<createdBy>rblavec</createdBy>
<createdTime>2017-04-20 13:39:40 UTC</createdTime>
<generatorID>C264F465-E053-000B-C68D-556FBFF1FC87</generatorID>
<ownerDesignName>MCD MCP Projet</ownerDesignName>
<pk>true</pk>
<indexState>Primary Constraint</indexState>
<isSurrogateKey>false</isSurrogateKey>
<indexColumnUsage>
<colUsage columnID="16DC7EA4-236F-AB7A-2540-2387AC615D51"/>
</indexColumnUsage>
</ind_PK_UK>
<ind_PK_UK id="C7892B0F-808E-B2A6-74B8-C7C1E31824FF" name="HistoriqueTache_Salarie_FK">
<createdBy>rblavec</createdBy>
<createdTime>2017-04-20 13:39:40 UTC</createdTime>
<generatorID>4AFDB08C-813E-EAA8-1085-A54705DEEBF9</generatorID>
<ownerDesignName>MCD MCP Projet</ownerDesignName>
<indexState>Foreign Key</indexState>
<isSurrogateKey>false</isSurrogateKey>
<indexColumnUsage>
<colUsage columnID="A9673F0D-026A-CB40-B0ED-BE1C9F7FF2B2"/>
</indexColumnUsage>
</ind_PK_UK>
<ind_PK_UK id="995E58A9-1D47-9735-67A8-E74A72A2CED1" name="HistoriqueTache_Tache_FK">
<createdBy>rblavec</createdBy>
<createdTime>2017-04-20 13:39:40 UTC</createdTime>
<generatorID>97DEE6C5-333B-BBC1-A459-C3B1D74C3C97</generatorID>
<ownerDesignName>MCD MCP Projet</ownerDesignName>
<indexState>Foreign Key</indexState>
<isSurrogateKey>false</isSurrogateKey>
<indexColumnUsage>
<colUsage columnID="D5427807-7633-469E-B8A7-7A31C3741CCD"/>
</indexColumnUsage>
</ind_PK_UK>
<ind_PK_UK id="9EED7B6B-BE16-E358-1942-7B614FE011C2" name="HistoriqueTache_Activite_FK">
<createdBy>rblavec</createdBy>
<createdTime>2017-04-20 13:39:40 UTC</createdTime>
<generatorID>C21851C5-967C-6285-5EF5-82FC37394B85</generatorID>
<ownerDesignName>MCD MCP Projet</ownerDesignName>
<indexState>Foreign Key</indexState>
<isSurrogateKey>false</isSurrogateKey>
<indexColumnUsage>
<colUsage columnID="5ECB4288-1F18-DD5E-036F-51804771C850"/>
</indexColumnUsage>
</ind_PK_UK>
<ind_PK_UK id="B4AE100B-00E9-B5F5-EFBF-5AEA97CDBE16" name="HistoriqueTache_Module_FK">
<createdBy>rblavec</createdBy>
<createdTime>2017-04-20 13:39:40 UTC</createdTime>
<generatorID>576BB9D2-C734-1332-9DFE-B8B494DE23B5</generatorID>
<ownerDesignName>MCD MCP Projet</ownerDesignName>
<indexState>Foreign Key</indexState>
<isSurrogateKey>false</isSurrogateKey>
<indexColumnUsage>
<colUsage columnID="8973325A-78AE-77BB-EB5E-3CA68C7860B6"/>
</indexColumnUsage>
</ind_PK_UK>
<ind_PK_UK id="DA41C49A-7325-6B2C-38C3-B7277E840EE0" name="HistoriqueTache_Version_FK">
<createdBy>rblavec</createdBy>
<createdTime>2017-04-20 13:39:40 UTC</createdTime>
<generatorID>F11E8F31-7C93-E3E0-35DE-A5723BA5BEB2</generatorID>
<ownerDesignName>MCD MCP Projet</ownerDesignName>
<indexState>Foreign Key</indexState>
<isSurrogateKey>false</isSurrogateKey>
<indexColumnUsage>
<colUsage columnID="14ADDADC-03E4-6E2C-86AB-B2F619EF5FB0"/>
<colUsage columnID="CE1780D9-97DB-025F-CCB4-FD9C8B9BB3E1"/>
</indexColumnUsage>
</ind_PK_UK>
</indexes>
</Table>