<?xml version = '1.0' encoding = 'UTF-8'?>
<Table class="oracle.dbtools.crest.model.design.relational.Table" directorySegmentName="seg_0" id="A2089B24-B209-C83C-0A5E-79E8B7944721" name="Logiciel">
<createdBy>rblavec</createdBy>
<createdTime>2017-04-20 12:54:40 UTC</createdTime>
<generatorID>C4D90D85-2BBD-6F21-58F5-2C6C81C58F35</generatorID>
<ownerDesignName>MCD MCP Projet</ownerDesignName>
<allowColumnReorder>false</allowColumnReorder>
<existDependencyGenerateInDDl>true</existDependencyGenerateInDDl>
<parsed>true</parsed>
<columns itemClass="oracle.dbtools.crest.model.design.relational.Column">
<Column name="Code" id="9A3A1378-4722-BD24-84B3-9A0618B46C50">
<createdBy>rblavec</createdBy>
<createdTime>2017-04-20 12:54:40 UTC</createdTime>
<generatorID>5AE34B3D-2DB5-7463-636D-D5951DA658C9</generatorID>
<ownerDesignName>MCD MCP Projet</ownerDesignName>
<use>0</use>
<logicalDatatype>LOGDT011</logicalDatatype>
<domain>3247E1A3-098F-3BEE-8206-30FACAB0AF62</domain>
<ownDataTypeParameters>,,</ownDataTypeParameters>
<autoIncrementCycle>false</autoIncrementCycle>
</Column>
<Column name="Filiere_IdFiliere" id="34316F5E-EA8B-5B94-186A-618C1D5268FB">
<createdBy>rblavec</createdBy>
<createdTime>2017-04-20 12:54:40 UTC</createdTime>
<generatorID>FE4789E1-05F1-EC7E-67D6-732EE0813585</generatorID>
<ownerDesignName>MCD MCP Projet</ownerDesignName>
<use>0</use>
<logicalDatatype>LOGDT011</logicalDatatype>
<domain>3247E1A3-098F-3BEE-8206-30FACAB0AF62</domain>
<ownDataTypeParameters>,,</ownDataTypeParameters>
<previousColumn>false</previousColumn>
<autoIncrementCycle>false</autoIncrementCycle>
<associations>
<colAssociation fkAssociation="82D31467-9489-C0B9-F237-DD133A929F43" referredColumn="21313E6D-49C3-A6CF-D0AA-D9B252605AE9"/>
</associations>
</Column>
<Column name="NomLogiciel" id="2DE10D0A-BDF5-9BA9-C8C6-17CB9BB5A53A">
<createdBy>rblavec</createdBy>
<createdTime>2017-04-20 12:54:40 UTC</createdTime>
<generatorID>559C4BDD-E8D5-5AAD-11E6-BAB005865FAC</generatorID>
<ownerDesignName>MCD MCP Projet</ownerDesignName>
<use>0</use>
<logicalDatatype>LOGDT037</logicalDatatype>
<domain>44231A1D-DF52-9364-362F-C264361631CA</domain>
<ownDataTypeParameters>,,</ownDataTypeParameters>
<autoIncrementCycle>false</autoIncrementCycle>
</Column>
</columns>
<indexes itemClass="oracle.dbtools.crest.model.design.relational.Index">
<ind_PK_UK id="FF3C14AB-DFA6-7DBE-FC1F-F608ABB635EA" name="Logiciel_PK">
<createdBy>rblavec</createdBy>
<createdTime>2017-04-20 12:54:40 UTC</createdTime>
<generatorID>27661788-9D6E-E106-6D0E-27D65006D181</generatorID>
<ownerDesignName>MCD MCP Projet</ownerDesignName>
<pk>true</pk>
<indexState>Primary Constraint</indexState>
<isSurrogateKey>false</isSurrogateKey>
<indexColumnUsage>
<colUsage columnID="9A3A1378-4722-BD24-84B3-9A0618B46C50"/>
</indexColumnUsage>
</ind_PK_UK>
<ind_PK_UK id="637E6777-2BFE-F234-0D73-A42AD007A39F" name="Logiciel_Filiere_FK">
<createdBy>rblavec</createdBy>
<createdTime>2017-04-20 12:54:40 UTC</createdTime>
<generatorID>D18FCBD7-96DC-2490-9D36-13FCE5ED1E4C</generatorID>
<ownerDesignName>MCD MCP Projet</ownerDesignName>
<indexState>Foreign Key</indexState>
<isSurrogateKey>false</isSurrogateKey>
<indexColumnUsage>
<colUsage columnID="34316F5E-EA8B-5B94-186A-618C1D5268FB"/>
</indexColumnUsage>
</ind_PK_UK>
</indexes>
</Table>