<?xml version = '1.0' encoding = 'UTF-8'?>
<FKIndexAssociation class="oracle.dbtools.crest.model.design.relational.FKIndexAssociation" directorySegmentName="seg_0" id="1A0B9BB1-E471-69A0-58EE-2893FFED4E5B" containerWithKeyObject="82C15A6F-9261-E0B8-9E32-B13676E5C1D7" localFKIndex="9EED7B6B-BE16-E358-1942-7B614FE011C2" name="HistoriqueTache_Activite_FK">
<createdBy>rblavec</createdBy>
<createdTime>2017-04-20 13:39:40 UTC</createdTime>
<generatorID>C21851C5-967C-6285-5EF5-82FC37394B85</generatorID>
<ownerDesignName>MCD MCP Projet</ownerDesignName>
<deleteRule>NO ACTION</deleteRule>
<referredTableID>705FC3AE-E9D8-1EAA-6E24-3954C01F355C</referredTableID>
<keyObject>9F444482-944D-AB78-3F8F-E1B161683F92</keyObject>
<referredKeyID>9F444482-944D-AB78-3F8F-E1B161683F92</referredKeyID>
<mandatory>true</mandatory>
<transferable>true</transferable>
<rely>false</rely>
<columnDependencyConstraintGenerateInDDL>true</columnDependencyConstraintGenerateInDDL>
</FKIndexAssociation>