<?xml version = '1.0' encoding = 'UTF-8'?>
<FKIndexAssociation class="oracle.dbtools.crest.model.design.relational.FKIndexAssociation" directorySegmentName="seg_0" id="20B63E1E-5B0E-3994-4790-3FD6D1EC74ED" containerWithKeyObject="82C15A6F-9261-E0B8-9E32-B13676E5C1D7" localFKIndex="C7892B0F-808E-B2A6-74B8-C7C1E31824FF" name="HistoriqueTache_Salarie_FK">
<createdBy>rblavec</createdBy>
<createdTime>2017-04-20 13:39:40 UTC</createdTime>
<generatorID>4AFDB08C-813E-EAA8-1085-A54705DEEBF9</generatorID>
<ownerDesignName>MCD MCP Projet</ownerDesignName>
<deleteRule>NO ACTION</deleteRule>
<referredTableID>374B9669-41E3-202E-1693-DDDE2DF8B468</referredTableID>
<keyObject>31AA1350-122A-8091-560A-2CACD792CEC8</keyObject>
<referredKeyID>31AA1350-122A-8091-560A-2CACD792CEC8</referredKeyID>
<mandatory>true</mandatory>
<transferable>true</transferable>
<rely>false</rely>
<columnDependencyConstraintGenerateInDDL>true</columnDependencyConstraintGenerateInDDL>
</FKIndexAssociation>