<?xml version = '1.0' encoding = 'UTF-8'?>
<FKIndexAssociation class="oracle.dbtools.crest.model.design.relational.FKIndexAssociation" directorySegmentName="seg_0" id="2AD46F21-1AB1-92B7-9B9D-F3229F51E766" containerWithKeyObject="374B9669-41E3-202E-1693-DDDE2DF8B468" localFKIndex="3641A582-7C10-9B2C-B2F6-D67F4E30268A" name="Salarie_Equipe_FK">
<createdBy>rblavec</createdBy>
<createdTime>2017-04-20 12:19:45 UTC</createdTime>
<generatorID>E1BABC0E-6C93-ED4E-0F0C-CEA76C385BAB</generatorID>
<ownerDesignName>MCD MCP Projet</ownerDesignName>
<deleteRule>NO ACTION</deleteRule>
<referredTableID>04E361B1-F4D7-96D7-B8C2-FCB0FD758AA7</referredTableID>
<keyObject>7D22B1D1-BAE6-FE4B-EA80-C60843FFC0EB</keyObject>
<referredKeyID>7D22B1D1-BAE6-FE4B-EA80-C60843FFC0EB</referredKeyID>
<mandatory>true</mandatory>
<transferable>true</transferable>
<rely>false</rely>
<columnDependencyConstraintGenerateInDDL>true</columnDependencyConstraintGenerateInDDL>
</FKIndexAssociation>