<?xml version = '1.0' encoding = 'UTF-8'?>
<FKIndexAssociation class="oracle.dbtools.crest.model.design.relational.FKIndexAssociation" directorySegmentName="seg_0" id="4775B37A-6D92-2C03-754F-F87158D96116" containerWithKeyObject="04E361B1-F4D7-96D7-B8C2-FCB0FD758AA7" localFKIndex="91EFA781-5765-EF5B-9378-14721A252136" name="Equipe_Filiere_FK">
<createdBy>rblavec</createdBy>
<createdTime>2017-04-20 12:19:45 UTC</createdTime>
<generatorID>21EE6D6A-A579-E4C5-9903-88CCC03B7AD1</generatorID>
<ownerDesignName>MCD MCP Projet</ownerDesignName>
<deleteRule>NO ACTION</deleteRule>
<referredTableID>9D38CFFA-03CE-01AF-AB15-1E4BBED98D9E</referredTableID>
<keyObject>F8CB6704-A5DB-30A0-9B6C-E178F93D2EE7</keyObject>
<referredKeyID>F8CB6704-A5DB-30A0-9B6C-E178F93D2EE7</referredKeyID>
<mandatory>true</mandatory>
<transferable>true</transferable>
<rely>false</rely>
<columnDependencyConstraintGenerateInDDL>true</columnDependencyConstraintGenerateInDDL>
</FKIndexAssociation>