<?xml version = '1.0' encoding = 'UTF-8'?>
<FKIndexAssociation class="oracle.dbtools.crest.model.design.relational.FKIndexAssociation" directorySegmentName="seg_0" id="5ED90719-0753-BDCD-D679-9F69CA6C30E9" containerWithKeyObject="20C2CDC2-322A-6995-B50E-F3487C39DA8A" localFKIndex="DCE563F3-8632-D03B-3678-89287DC1DB45" name="Release_Version_FK">
<createdBy>rblavec</createdBy>
<createdTime>2017-04-20 12:19:45 UTC</createdTime>
<generatorID>DAD8B9A7-5AB9-5DAC-A311-09A516628844</generatorID>
<ownerDesignName>MCD MCP Projet</ownerDesignName>
<deleteRule>NO ACTION</deleteRule>
<referredTableID>0D986149-7150-5A18-7382-F027959C45BA</referredTableID>
<keyObject>767EA83C-9A74-A941-4B9E-E77E6ED3F396</keyObject>
<referredKeyID>767EA83C-9A74-A941-4B9E-E77E6ED3F396</referredKeyID>
<mandatory>true</mandatory>
<transferable>true</transferable>
<rely>false</rely>
<columnDependencyConstraintGenerateInDDL>true</columnDependencyConstraintGenerateInDDL>
</FKIndexAssociation>