<?xml version = '1.0' encoding = 'UTF-8'?>
<FKIndexAssociation class="oracle.dbtools.crest.model.design.relational.FKIndexAssociation" directorySegmentName="seg_0" id="656B5D9D-9835-47B4-41EE-0FBC7243FF9D" containerWithKeyObject="82C15A6F-9261-E0B8-9E32-B13676E5C1D7" localFKIndex="B4AE100B-00E9-B5F5-EFBF-5AEA97CDBE16" name="HistoriqueTache_Module_FK">
<createdBy>rblavec</createdBy>
<createdTime>2017-04-20 13:39:40 UTC</createdTime>
<generatorID>576BB9D2-C734-1332-9DFE-B8B494DE23B5</generatorID>
<ownerDesignName>MCD MCP Projet</ownerDesignName>
<deleteRule>NO ACTION</deleteRule>
<referredTableID>0DF4900D-D546-9756-B927-69E7127DE05D</referredTableID>
<keyObject>2C004E9D-1081-1256-6610-1DA794D5A22E</keyObject>
<referredKeyID>2C004E9D-1081-1256-6610-1DA794D5A22E</referredKeyID>
<mandatory>true</mandatory>
<transferable>true</transferable>
<rely>false</rely>
<columnDependencyConstraintGenerateInDDL>true</columnDependencyConstraintGenerateInDDL>
</FKIndexAssociation>