<?xml version = '1.0' encoding = 'UTF-8'?>
<FKIndexAssociation class="oracle.dbtools.crest.model.design.relational.FKIndexAssociation" directorySegmentName="seg_0" id="68C27DE1-1A91-03BC-8F5B-804642C267F1" containerWithKeyObject="04E361B1-F4D7-96D7-B8C2-FCB0FD758AA7" localFKIndex="5520521E-5996-BC70-1BC0-5F5E2779AD53" name="Equipe_Service_FK">
<createdBy>rblavec</createdBy>
<createdTime>2017-04-20 12:19:45 UTC</createdTime>
<generatorID>D5CE2FC9-DEE3-BF5A-7CF1-79A48511F5AB</generatorID>
<ownerDesignName>MCD MCP Projet</ownerDesignName>
<deleteRule>NO ACTION</deleteRule>
<referredTableID>B435AD21-1942-E4E9-788E-539D3496715B</referredTableID>
<keyObject>6E3CF4C5-3DDA-CD1E-B636-2C22C8479BBB</keyObject>
<referredKeyID>6E3CF4C5-3DDA-CD1E-B636-2C22C8479BBB</referredKeyID>
<mandatory>true</mandatory>
<transferable>true</transferable>
<rely>false</rely>
<columnDependencyConstraintGenerateInDDL>true</columnDependencyConstraintGenerateInDDL>
</FKIndexAssociation>