<?xml version = '1.0' encoding = 'UTF-8'?>
<FKIndexAssociation class="oracle.dbtools.crest.model.design.relational.FKIndexAssociation" directorySegmentName="seg_0" id="6D078197-7BCE-C139-72D8-319D7961ED4B" containerWithKeyObject="374B9669-41E3-202E-1693-DDDE2DF8B468" localFKIndex="4D7714B5-ACDE-E41F-F8DB-6C7CBC220866" name="Salarie_Metier_FK">
<createdBy>rblavec</createdBy>
<createdTime>2017-04-20 12:19:45 UTC</createdTime>
<generatorID>E79B70E3-94B2-75F1-1340-5FBBBF3CE68E</generatorID>
<ownerDesignName>MCD MCP Projet</ownerDesignName>
<deleteRule>NO ACTION</deleteRule>
<referredTableID>DDA00600-18AA-1BA8-DC21-900888FEF7DD</referredTableID>
<keyObject>BEDC5AFC-59DE-5625-F28A-88694D09517C</keyObject>
<referredKeyID>BEDC5AFC-59DE-5625-F28A-88694D09517C</referredKeyID>
<mandatory>true</mandatory>
<transferable>true</transferable>
<rely>false</rely>
<columnDependencyConstraintGenerateInDDL>true</columnDependencyConstraintGenerateInDDL>
</FKIndexAssociation>