<?xml version = '1.0' encoding = 'UTF-8'?>
<FKIndexAssociation class="oracle.dbtools.crest.model.design.relational.FKIndexAssociation" directorySegmentName="seg_0" id="82D31467-9489-C0B9-F237-DD133A929F43" containerWithKeyObject="A2089B24-B209-C83C-0A5E-79E8B7944721" localFKIndex="637E6777-2BFE-F234-0D73-A42AD007A39F" name="Logiciel_Filiere_FK">
<createdBy>rblavec</createdBy>
<createdTime>2017-04-20 12:54:40 UTC</createdTime>
<generatorID>D18FCBD7-96DC-2490-9D36-13FCE5ED1E4C</generatorID>
<ownerDesignName>MCD MCP Projet</ownerDesignName>
<deleteRule>NO ACTION</deleteRule>
<referredTableID>9D38CFFA-03CE-01AF-AB15-1E4BBED98D9E</referredTableID>
<keyObject>F8CB6704-A5DB-30A0-9B6C-E178F93D2EE7</keyObject>
<referredKeyID>F8CB6704-A5DB-30A0-9B6C-E178F93D2EE7</referredKeyID>
<mandatory>true</mandatory>
<transferable>true</transferable>
<rely>false</rely>
<columnDependencyConstraintGenerateInDDL>true</columnDependencyConstraintGenerateInDDL>
</FKIndexAssociation>