<?xml version = '1.0' encoding = 'UTF-8'?>
<FKIndexAssociation class="oracle.dbtools.crest.model.design.relational.FKIndexAssociation" directorySegmentName="seg_0" id="8518EB4E-DFBE-761F-950C-14D6B2661B24" containerWithKeyObject="0DF4900D-D546-9756-B927-69E7127DE05D" localFKIndex="EAC1FB76-F714-0F63-85ED-8D37DA362BE3" name="Module_Module_FK">
<createdBy>rblavec</createdBy>
<createdTime>2017-04-20 12:19:45 UTC</createdTime>
<generatorID>D68C4589-355A-F2FA-6B74-534771067ABE</generatorID>
<ownerDesignName>MCD MCP Projet</ownerDesignName>
<deleteRule>NO ACTION</deleteRule>
<referredTableID>0DF4900D-D546-9756-B927-69E7127DE05D</referredTableID>
<keyObject>2C004E9D-1081-1256-6610-1DA794D5A22E</keyObject>
<referredKeyID>2C004E9D-1081-1256-6610-1DA794D5A22E</referredKeyID>
<mandatory>false</mandatory>
<transferable>true</transferable>
<rely>false</rely>
<columnDependencyConstraintGenerateInDDL>true</columnDependencyConstraintGenerateInDDL>
</FKIndexAssociation>