<?xml version = '1.0' encoding = 'UTF-8'?>
<FKIndexAssociation class="oracle.dbtools.crest.model.design.relational.FKIndexAssociation" directorySegmentName="seg_0" id="98827221-BA01-7538-6BEA-A2EB375595EA" containerWithKeyObject="5BAB5D70-1FE3-C724-5A36-AA623B15FAE5" localFKIndex="1A3730CA-DEBA-4C37-75CE-9C07246761AC" name="FK_ASS_46">
<createdBy>rblavec</createdBy>
<createdTime>2017-04-20 12:19:45 UTC</createdTime>
<generatorID>EDD0DDF8-4F6A-05EA-203C-88E8743E0B85</generatorID>
<ownerDesignName>MCD MCP Projet</ownerDesignName>
<deleteRule>NO ACTION</deleteRule>
<referredTableID>705FC3AE-E9D8-1EAA-6E24-3954C01F355C</referredTableID>
<keyObject>9F444482-944D-AB78-3F8F-E1B161683F92</keyObject>
<referredKeyID>9F444482-944D-AB78-3F8F-E1B161683F92</referredKeyID>
<mandatory>true</mandatory>
<transferable>true</transferable>
<rely>false</rely>
<columnDependencyConstraintGenerateInDDL>true</columnDependencyConstraintGenerateInDDL>
</FKIndexAssociation>