<?xml version = '1.0' encoding = 'UTF-8'?>
<FKIndexAssociation class="oracle.dbtools.crest.model.design.relational.FKIndexAssociation" directorySegmentName="seg_0" id="9F7C5C11-ABB5-5DE1-AE85-4CA8F4B6452A" containerWithKeyObject="0D986149-7150-5A18-7382-F027959C45BA" localFKIndex="5A8D3DD7-32E2-7464-88C5-423A2CC2EAD0" name="Version_Logiciel_FK">
<createdBy>rblavec</createdBy>
<createdTime>2017-04-20 12:54:40 UTC</createdTime>
<generatorID>EFDC7729-7FC7-39AE-9DE1-82724426A135</generatorID>
<ownerDesignName>MCD MCP Projet</ownerDesignName>
<deleteRule>NO ACTION</deleteRule>
<referredTableID>A2089B24-B209-C83C-0A5E-79E8B7944721</referredTableID>
<keyObject>FF3C14AB-DFA6-7DBE-FC1F-F608ABB635EA</keyObject>
<referredKeyID>FF3C14AB-DFA6-7DBE-FC1F-F608ABB635EA</referredKeyID>
<mandatory>true</mandatory>
<transferable>true</transferable>
<rely>false</rely>
<columnDependencyConstraintGenerateInDDL>true</columnDependencyConstraintGenerateInDDL>
</FKIndexAssociation>