<?xml version = '1.0' encoding = 'UTF-8'?>
<FKIndexAssociation class="oracle.dbtools.crest.model.design.relational.FKIndexAssociation" directorySegmentName="seg_0" id="C317F856-5EEC-A527-481E-3509F36AC41D" containerWithKeyObject="0DF4900D-D546-9756-B927-69E7127DE05D" localFKIndex="36AF56C3-E3FF-7731-1C16-8A2BA66CCEAD" name="Module_Logiciel_FK">
<createdBy>rblavec</createdBy>
<createdTime>2017-04-20 12:54:40 UTC</createdTime>
<generatorID>51D6F858-CD07-D7A6-85A9-2780E28B1D18</generatorID>
<ownerDesignName>MCD MCP Projet</ownerDesignName>
<deleteRule>NO ACTION</deleteRule>
<referredTableID>A2089B24-B209-C83C-0A5E-79E8B7944721</referredTableID>
<keyObject>FF3C14AB-DFA6-7DBE-FC1F-F608ABB635EA</keyObject>
<referredKeyID>FF3C14AB-DFA6-7DBE-FC1F-F608ABB635EA</referredKeyID>
<mandatory>true</mandatory>
<transferable>true</transferable>
<rely>false</rely>
<columnDependencyConstraintGenerateInDDL>true</columnDependencyConstraintGenerateInDDL>
</FKIndexAssociation>