<?xml version = '1.0' encoding = 'UTF-8'?>
<FKIndexAssociation class="oracle.dbtools.crest.model.design.relational.FKIndexAssociation" directorySegmentName="seg_0" id="E26D8A3A-C95F-1204-003B-A2E105E2D7F5" containerWithKeyObject="593E81D5-2553-EA0E-006D-C438C1B4BD59" localFKIndex="C9E386C9-97BE-F346-C7F7-F08099DF7767" name="TacheProduction_Tache_FK">
<createdBy>rblavec</createdBy>
<createdTime>2017-04-20 13:25:18 UTC</createdTime>
<generatorID>8063E2EC-6C2A-B140-6095-A5B71F3F02F6</generatorID>
<ownerDesignName>MCD MCP Projet</ownerDesignName>
<arc>A3CE1961-C61A-4423-6FEF-9B46245A71C0</arc>
<deleteRule>NO ACTION</deleteRule>
<referredTableID>04844C6D-E2DE-CF40-CE0A-B1A89CF5D0EE</referredTableID>
<keyObject>09FEF885-5CA4-3B66-FD3F-654D6C3AA519</keyObject>
<referredKeyID>09FEF885-5CA4-3B66-FD3F-654D6C3AA519</referredKeyID>
<mandatory>true</mandatory>
<transferable>true</transferable>
<rely>false</rely>
<columnDependencyConstraintGenerateInDDL>true</columnDependencyConstraintGenerateInDDL>
</FKIndexAssociation>