<?xml version = '1.0' encoding = 'UTF-8'?>
<FKIndexAssociation class="oracle.dbtools.crest.model.design.relational.FKIndexAssociation" directorySegmentName="seg_0" id="E5400773-43B9-6E05-3AE2-3C1151B850F2" containerWithKeyObject="374B9669-41E3-202E-1693-DDDE2DF8B468" localFKIndex="FF9383AA-E5DB-2D72-F446-5F98909EA9DF" name="Salarie_Salarie_FK">
<createdBy>rblavec</createdBy>
<createdTime>2017-04-20 12:19:45 UTC</createdTime>
<generatorID>B35BD9C1-F7BF-C819-4E6B-691F2704C66B</generatorID>
<ownerDesignName>MCD MCP Projet</ownerDesignName>
<deleteRule>NO ACTION</deleteRule>
<referredTableID>374B9669-41E3-202E-1693-DDDE2DF8B468</referredTableID>
<keyObject>31AA1350-122A-8091-560A-2CACD792CEC8</keyObject>
<referredKeyID>31AA1350-122A-8091-560A-2CACD792CEC8</referredKeyID>
<mandatory>false</mandatory>
<transferable>true</transferable>
<rely>false</rely>
<columnDependencyConstraintGenerateInDDL>true</columnDependencyConstraintGenerateInDDL>
</FKIndexAssociation>