<?xml version = '1.0' encoding = 'UTF-8'?>
<FKIndexAssociation class="oracle.dbtools.crest.model.design.relational.FKIndexAssociation" directorySegmentName="seg_0" id="FA2B3BEA-4107-36CD-5119-DCB2393FA74B" containerWithKeyObject="5BAB5D70-1FE3-C724-5A36-AA623B15FAE5" localFKIndex="10905E42-F741-20EF-EFBA-9A04A66DC992" name="FK_ASS_45">
<createdBy>rblavec</createdBy>
<createdTime>2017-04-20 12:19:45 UTC</createdTime>
<generatorID>EDD0DDF8-4F6A-05EA-203C-88E8743E0B85</generatorID>
<ownerDesignName>MCD MCP Projet</ownerDesignName>
<deleteRule>NO ACTION</deleteRule>
<referredTableID>DDA00600-18AA-1BA8-DC21-900888FEF7DD</referredTableID>
<keyObject>BEDC5AFC-59DE-5625-F28A-88694D09517C</keyObject>
<referredKeyID>BEDC5AFC-59DE-5625-F28A-88694D09517C</referredKeyID>
<mandatory>true</mandatory>
<transferable>true</transferable>
<rely>false</rely>
<columnDependencyConstraintGenerateInDDL>true</columnDependencyConstraintGenerateInDDL>
</FKIndexAssociation>