<?xml version = '1.0' encoding = 'UTF-8'?>
<FKIndexAssociation class="oracle.dbtools.crest.model.design.relational.FKIndexAssociation" directorySegmentName="seg_1" id="1F9CFA33-FAFF-F1C7-6685-7F10DCFF69E6" containerWithKeyObject="82C15A6F-9261-E0B8-9E32-B13676E5C1D7" localFKIndex="995E58A9-1D47-9735-67A8-E74A72A2CED1" name="HistoriqueTache_Tache_FK">
<createdBy>rblavec</createdBy>
<createdTime>2017-04-20 13:39:40 UTC</createdTime>
<generatorID>97DEE6C5-333B-BBC1-A459-C3B1D74C3C97</generatorID>
<ownerDesignName>MCD MCP Projet</ownerDesignName>
<deleteRule>NO ACTION</deleteRule>
<referredTableID>04844C6D-E2DE-CF40-CE0A-B1A89CF5D0EE</referredTableID>
<keyObject>09FEF885-5CA4-3B66-FD3F-654D6C3AA519</keyObject>
<referredKeyID>09FEF885-5CA4-3B66-FD3F-654D6C3AA519</referredKeyID>
<mandatory>true</mandatory>
<transferable>true</transferable>
<rely>false</rely>
<columnDependencyConstraintGenerateInDDL>true</columnDependencyConstraintGenerateInDDL>
</FKIndexAssociation>