<?xml version = '1.0' encoding = 'UTF-8'?>
<FKIndexAssociation class="oracle.dbtools.crest.model.design.relational.FKIndexAssociation" directorySegmentName="seg_1" id="2A8101BA-22B7-CD1C-EA09-EE3BCCF0036D" containerWithKeyObject="82C15A6F-9261-E0B8-9E32-B13676E5C1D7" localFKIndex="DA41C49A-7325-6B2C-38C3-B7277E840EE0" name="HistoriqueTache_Version_FK">
<createdBy>rblavec</createdBy>
<createdTime>2017-04-20 13:39:40 UTC</createdTime>
<generatorID>F11E8F31-7C93-E3E0-35DE-A5723BA5BEB2</generatorID>
<ownerDesignName>MCD MCP Projet</ownerDesignName>
<deleteRule>NO ACTION</deleteRule>
<referredTableID>0D986149-7150-5A18-7382-F027959C45BA</referredTableID>
<keyObject>767EA83C-9A74-A941-4B9E-E77E6ED3F396</keyObject>
<referredKeyID>767EA83C-9A74-A941-4B9E-E77E6ED3F396</referredKeyID>
<mandatory>true</mandatory>
<transferable>true</transferable>
<rely>false</rely>
<columnDependencyConstraintGenerateInDDL>true</columnDependencyConstraintGenerateInDDL>
</FKIndexAssociation>