<?xml version = '1.0' encoding = 'UTF-8'?>
<FKIndexAssociation class="oracle.dbtools.crest.model.design.relational.FKIndexAssociation" directorySegmentName="seg_1" id="DE952044-963B-9ECF-5F7B-32BDDDF30ACE" containerWithKeyObject="1F206BEF-61F0-73C9-2AA7-C47D201F4A46" localFKIndex="37523095-14EF-174A-99CF-F23D42E1BD31" name="TacheAnnexe_Tache_FK">
<createdBy>rblavec</createdBy>
<createdTime>2017-04-20 14:29:56 UTC</createdTime>
<generatorID>9AC2FFE5-1FDC-A3F9-0AC1-8714EE692DD5</generatorID>
<ownerDesignName>MCD MCP Projet</ownerDesignName>
<arc>D6539EC3-DA08-8813-2F88-00D02104BC62</arc>
<deleteRule>NO ACTION</deleteRule>
<referredTableID>04844C6D-E2DE-CF40-CE0A-B1A89CF5D0EE</referredTableID>
<keyObject>09FEF885-5CA4-3B66-FD3F-654D6C3AA519</keyObject>
<referredKeyID>09FEF885-5CA4-3B66-FD3F-654D6C3AA519</referredKeyID>
<mandatory>true</mandatory>
<transferable>true</transferable>
<rely>false</rely>
<columnDependencyConstraintGenerateInDDL>true</columnDependencyConstraintGenerateInDDL>
</FKIndexAssociation>